model,sample,run,output,correct,duration_s
gpt-4.1,1,1,一度言ってしまったら、もう後には退けなかった。 ,correct,4.260
gpt-4.1,1,2,一度言ってしまったら、もう後には退けなかった。 ,correct,2.900
gpt-4.1,1,3,一度言ってしまったら、もう後には退けなかった。 ,correct,2.576
gpt-4.1,1,4,一度言ってしまったら、もう後には退けなかった。 ,correct,2.809
gpt-4.1,1,5,一度言ってしまったら、もう後には退けなかった。 ,correct,2.305
gpt-4.1,1,6,一度言ってしまったら、もう後には退けなかった。 ,correct,2.547
gpt-4.1,1,7,一度言ってしまったら、もう後には退けなかった。 ,correct,2.237
gpt-4.1,1,8,一度言ってしまったら、もう後には退けなかった。 ,correct,2.167
gpt-4.1,1,9,一度言ってしまったら、もう後には退けなかった。 ,correct,2.954
gpt-4.1,1,10,一度言ってしまったら、もう後には退けなかった。 ,correct,2.248
gpt-4.1,2,1,電流でも流されたように、自分の意志に関係なく全身が痙攣し。 ,correct,3.185
gpt-4.1,2,2,電流でも流されたように、自分の意志に関係なく全身が痙攣し。 ,correct,2.962
gpt-4.1,2,3,電流でも流されたように、自分の意志に関係なく全身が痙攣し。 ,correct,2.928
gpt-4.1,2,4,電流でも流されたように、自分の意志に関係なく全身が痙攣し。 ,correct,2.317
gpt-4.1,2,5,電流でも流されたように、自分の意志に関係なく全身が痙攣し。 ,correct,2.651
gpt-4.1,2,6,電流でも流されたように、自分の意志に関係なく全身が痙攣し。 ,correct,2.635
gpt-4.1,2,7,電流でも流されたように、自分の意志に関係なく全身が痙攣し。 ,correct,2.234
gpt-4.1,2,8,電流でも流されたように、自分の意志に関係なく全身が痙攣し。 ,correct,2.327
gpt-4.1,2,9,電流でも流されたように、自分の意志に関係なく全身が痙攣し。 ,correct,3.094
gpt-4.1,2,10,電流でも流されたように、自分の意志に関係なく全身が痙攣し。 ,correct,2.642
gpt-4.1,3,1,まゆりは俺に頼るのを諦め、ぷすっと頬を膨らませつつ2人の仲裁に入っていった。 ,incorrect,2.511
gpt-4.1,3,2,まゆりは俺に頼るのを諦め、ぶすっと頬を膨らませつつ2人の仲裁に入っていった。 ,correct,3.080
gpt-4.1,3,3,まゆりは俺に頼るのを諦め、ぶすっと頬を膨らませつつ2人の仲裁に入っていった。 ,correct,2.438
gpt-4.1,3,4,まゆりは俺に頼るのを諦め、ぶすっと頬を膨らませつつ2人の仲裁に入っていった。 ,correct,2.559
gpt-4.1,3,5,まゆりは俺に頼るのを諦め、ぶすっと頬を膨らませつつ2人の仲裁に入っていった。 ,correct,2.580
gpt-4.1,3,6,まゆりは俺に頼るのを諦め、ぶすっと頬を膨らませつつ2人の仲裁に入っていった。 ,correct,2.593
gpt-4.1,3,7,まゆりは俺に頼るのを諦め、ぶすっと頬を膨らませつつ2人の仲裁に入っていった。 ,correct,2.810
gpt-4.1,3,8,まゆりは俺に頼るのを諦め、ぶすっと頬を膨らませつつ2人の仲裁に入っていった。 ,correct,2.943
gpt-4.1,3,9,まゆりは俺に頼るのを諦め、ぶすっと頬を膨らませつつ2人の仲裁に入っていった。 ,correct,2.629
gpt-4.1,3,10,まゆりは俺に頼るのを諦め、ぶすっと頬を膨らませつつ２人の仲裁に入っていった。 ,correct,2.509
gpt-4.1,4,1,闖入者たちも、最初の一言以外、なにも言おうとしない。 ,correct,2.922
gpt-4.1,4,2,闖入者たちも、最初の一言以外、なにも言おうとしない。 ,correct,2.501
gpt-4.1,4,3,闖入者たちも、最初の一言以外、なにも言おうとしない。 ,correct,2.900
gpt-4.1,4,4,闖入者たちも、最初の一言以外、なにも言おうとしない。 ,correct,2.833
gpt-4.1,4,5,闖入者たちも、最初の一言以外、なにも言おうとしない。 ,correct,2.673
gpt-4.1,4,6,闖入者たちも、最初の一言以外、なにも言おうとしない。 ,correct,2.387
gpt-4.1,4,7,闖入者たちも、最初の一言以外、なにも言おうとしない。 ,correct,2.396
gpt-4.1,4,8,闖入者たちも、最初の一言以外、なにも言おうとしない。 ,correct,3.188
gpt-4.1,4,9,闖入者たちも、最初の一言以外、なにも言おうとしない。 ,correct,3.892
gpt-4.1,4,10,闖入者たちも、最初の一言以外、なにも言おうとしない。 ,correct,2.278
gpt-4.1,5,1,「ま、あたしもラボメンにしてもらったとはいえ、所詮は部外者だしねえ」 ,incorrect,2.445
gpt-4.1,5,2,「ま、あたしもラボメンにしてもらったとはいえ、所詮は部外者だしねえ」 ,incorrect,3.126
gpt-4.1,5,3,「ま、あたしもラボメンにしてもらったとはいえ、所詮は部外者だしねえ。」 ,incorrect,2.534
gpt-4.1,5,4,「ま、あたしもラボメンにしてもらったとはいえ、所詮は部外者だしねえ」 ,incorrect,2.861
gpt-4.1,5,5,「ま、あたしもラボメンにしてもらったとはいえ、所詮は部外者だしねえ。」 ,incorrect,2.503
gpt-4.1,5,6,「ま、あたしもラボメンにしてもらったとはいえ、所詮は部外者だしねえ」 ,incorrect,2.493
gpt-4.1,5,7,「ま、あたしもラボメンにしてもらったとはいえ、所詮は部外者だしねえ」 ,incorrect,2.542
gpt-4.1,5,8,「ま、あたしもラボメンにしてもらったとはいえ、所詮は部外者だしねえ」 ,incorrect,2.539
gpt-4.1,5,9,「ま、あたしもラボメンにしてもらったとはいえ、所詮は部外者だしねえ」 ,incorrect,2.658
gpt-4.1,5,10,「ま、あたしもラボメンにしてもらったとはいえ、所詮は部外者だしねえ」 ,incorrect,2.494
gpt-4.1-mini,1,1,一度言ってしまったら、もう後には退けなかった。 ,correct,1.774
gpt-4.1-mini,1,2,一度言ってしまったら、もう後には退けなかった。 ,correct,1.794
gpt-4.1-mini,1,3,一度言ってしまったら、もう後には退けなかった。 ,correct,1.709
gpt-4.1-mini,1,4,一度言ってしまったら、もう後には退けなかった。 ,correct,1.803
gpt-4.1-mini,1,5,一度言ってしまったら、もう後には退けなかった。 ,correct,1.835
gpt-4.1-mini,1,6,一度言ってしまったら、もう後には退けなかった。 ,correct,1.754
gpt-4.1-mini,1,7,一度言ってしまったら、もう後には退けなかった。 ,correct,1.796
gpt-4.1-mini,1,8,一度言ってしまったら、もう後には退けなかった。 ,correct,1.773
gpt-4.1-mini,1,9,一度言ってしまったら、もう後には退けなかった。 ,correct,1.765
gpt-4.1-mini,1,10,一度言ってしまったら、もう後には退けなかった。 ,correct,1.804
gpt-4.1-mini,2,1,電流でも流されたように、自分の意志に関係なく全身が痙攣し。 ,correct,2.156
gpt-4.1-mini,2,2,電流でも流されたように、自分の意志に関係なく全身が痙攣し。 ,correct,2.081
gpt-4.1-mini,2,3,電流でも流されたように、自分の意志に関係なく全身が痙攣し。 ,correct,2.038
gpt-4.1-mini,2,4,電流でも流されたように、自分の意志に関係なく全身が痙攣し。 ,correct,1.973
gpt-4.1-mini,2,5,電流でも流されたように、自分の意志に関係なく全身が痙攣し。 ,correct,2.024
gpt-4.1-mini,2,6,電流でも流されたように、自分の意志に関係なく全身が痙攣し。 ,correct,2.097
gpt-4.1-mini,2,7,電流でも流されたように、自分の意志に関係なく全身が痙攣し。 ,correct,2.078
gpt-4.1-mini,2,8,電流でも流されたように、自分の意志に関係なく全身が痙攣し。 ,correct,2.104
gpt-4.1-mini,2,9,電流でも流されたように、自分の意志に関係なく全身が痙攣し。 ,correct,2.306
gpt-4.1-mini,2,10,電流でも流されたように、自分の意志に関係なく全身が痙攣し。 ,correct,2.143
gpt-4.1-mini,3,1,まゆりは俺に頼るのを諦め、ぶすっと頬を膨らませつつ2人の仲裁に入っていった。 ,correct,1.975
gpt-4.1-mini,3,2,まゆりは俺に頼るのを諦め、ぶすっと頬を膨らませつつ2人の仲裁に入っていった。 ,correct,2.218
gpt-4.1-mini,3,3,まゆりは俺に頼るのを諦め、ぶすっと頬を膨らませつつ2人の仲裁に入っていった。 ,correct,2.287
gpt-4.1-mini,3,4,まゆりは俺に頼るのを諦め、ぶすっと頬を膨らませつつ2人の仲裁に入っていった。 ,correct,2.273
gpt-4.1-mini,3,5,まゆりは俺に頼るのを諦め、ぶすっと頬を膨らませつつ2人の仲裁に入っていった。 ,correct,2.193
gpt-4.1-mini,3,6,まゆりは俺に頼るのを諦め、ぶすっと頬を膨らませつつ2人の仲裁に入っていった。 ,correct,2.313
gpt-4.1-mini,3,7,まゆりは俺に頼るのを諦め、ぷすっと頬を膨らませつつ2人の仲裁に入っていった。 ,incorrect,2.223
gpt-4.1-mini,3,8,まゆりは俺に頼るのを諦め、ぶすっと頬を膨らませつつ2人の仲裁に入っていった。 ,correct,2.166
gpt-4.1-mini,3,9,まゆりは俺に頼るのを諦め、ぶすっと頬を膨らませつつ2人の仲裁に入っていった。 ,correct,2.289
gpt-4.1-mini,3,10,まゆりは俺に頼るのを諦め、ぶすっと頬を膨らませつつ2人の仲裁に入っていった。 ,correct,2.133
gpt-4.1-mini,4,1,闖入者たちも、最初の一言以外、なにも言おうとしない。 ,correct,2.152
gpt-4.1-mini,4,2,闖入者たちも、最初の一言以外、なにも言おうとしない。 ,correct,2.034
gpt-4.1-mini,4,3,闖入者たちも、最初の一言以外、なにも言おうとしない。 ,correct,2.044
gpt-4.1-mini,4,4,闖入者たちも、最初の一言以外、なにも言おうとしない。 ,correct,2.204
gpt-4.1-mini,4,5,闖入者たちも、最初の一言以外、なにも言おうとしない。 ,correct,2.147
gpt-4.1-mini,4,6,闖入者たちも、最初の一言以外、なにも言おうとしない。 ,correct,2.096
gpt-4.1-mini,4,7,闖入者たちも、最初の一言以外、なに も言おうとしない。 ,incorrect,2.099
gpt-4.1-mini,4,8,闖入者たちも、最初の一言以外、なにも言おうとしない。 ,correct,2.186
gpt-4.1-mini,4,9,闖入者たちも、最初の一言以外、なにも言おうとしない。 ,correct,2.353
gpt-4.1-mini,4,10,闖入者たちも、最初の一言以外、なにも言おうとしない。 ,correct,1.801
gpt-4.1-mini,5,1,「ま、あたしもラボメンにしてもらったとはいえ、所詮は部外者だしねぇ」 ,correct,2.190
gpt-4.1-mini,5,2,「ま、あたしもラボメンにしてもらったとはいえ、所詮は部外者だしねぇ」 ,correct,2.141
gpt-4.1-mini,5,3,「ま、あたしもラボメンにしてもらったとはいえ、所詮は部外者だしねえ」 ,incorrect,2.133
gpt-4.1-mini,5,4,「ま、あたしもラボメンにしてもらったとはいえ、所詮は部外者だしねぇ」 ,correct,5.197
gpt-4.1-mini,5,5,「ま、あたしもラボメンにしてもらったとはいえ、所詮は部外者だしねぇ」 ,correct,2.195
gpt-4.1-mini,5,6,「ま、あたしもラボメンにしてもらったとはいえ、所詮は部外者だしねぇ」 ,correct,2.163
gpt-4.1-mini,5,7,「ま、あたしもラボメンにしてもらったとはいえ、所詮は部外者だしねぇ」 ,correct,2.217
gpt-4.1-mini,5,8,「ま、あたしもラボメンにしてもらったとはいえ、所詮は部外者だしねぇ」 ,correct,2.150
gpt-4.1-mini,5,9,「ま、あたしもラボメンにしてもらったとはいえ、所詮は部外者だしねえ」 ,incorrect,2.372
gpt-4.1-mini,5,10,「ま、あたしもラボメンにしてもらったとはいえ、所詮は部外者だしねぇ」 ,correct,2.136
gpt-4.1-nano,1,1,一度言ってしまったら、もう後には退けなかった。 ,correct,1.719
gpt-4.1-nano,1,2,一度言ってしまったら、もう後には退けなかった。 ,correct,1.873
gpt-4.1-nano,1,3,一旦言ってしまったら、もう後には退けなかった。 ,incorrect,1.748
gpt-4.1-nano,1,4,一度言ってしまったら、もう後には退けなかった。 ,correct,1.798
gpt-4.1-nano,1,5,一度言ってしまったら、もう後には退けなかった。 ,correct,1.742
gpt-4.1-nano,1,6,一度言ってしまったら、もう後には退けなかった。 ,correct,1.752
gpt-4.1-nano,1,7,一度言ってしまったら、もう後には退けなかった。 ,correct,1.747
gpt-4.1-nano,1,8,一度言ってしまったら、もう後には退けなかった。 ,correct,1.715
gpt-4.1-nano,1,9,一度言ってしまったら、もう後には退けなかった。 ,correct,1.730
gpt-4.1-nano,1,10,一度言ってしまったら、もう後には退けなかった。 ,correct,1.947
gpt-4.1-nano,2,1,電流でも流されたように、自分の意志に関係なく全身が痙攣し。 ,correct,1.880
gpt-4.1-nano,2,2,電流でも流されたように、自分の意志に関係なく全身が震撼し。 ,incorrect,1.973
gpt-4.1-nano,2,3,電流でも流されたように、自分の意志に関係なく全身が痺れる。 ,incorrect,1.989
gpt-4.1-nano,2,4,電流でも流されたように、自分の意志に関係なく全身が硬直し。 ,incorrect,1.983
gpt-4.1-nano,2,5,電流でも流されたように、自分の意思に関係なく全身が痙攣し。 ,incorrect,2.006
gpt-4.1-nano,2,6,電流でも流されたように、自分の意志に関係なく全身が痙攣し。 ,correct,2.072
gpt-4.1-nano,2,7,電流でも流されたように、自分の意志に関係なく全身が震撼し。 ,incorrect,1.923
gpt-4.1-nano,2,8,電流でも流されたように、自分の意志に関係なく全身が痙攣し。 ,correct,1.969
gpt-4.1-nano,2,9,電流でも流されたように、自分の意志に関係なく全身が痙攣し ,incorrect,1.914
gpt-4.1-nano,2,10,電流でも流されたように、自分の意志に関係なく全身が痙攣し。 ,correct,2.067
gpt-4.1-nano,3,1,ま型は俺に頼るのを諦め、ぶすっと頬を膨らませつつ2人の仲裁に入っていった。 ,incorrect,1.956
gpt-4.1-nano,3,2,まゆりは俺に頼るのを諦め、ぶすっと頬を膨らませつつ2人の仲裁に入っていった。 ,correct,2.127
gpt-4.1-nano,3,3,まゆりは俺に頼るのを諦め、ぶすっと頬を膨らまさせつつ2人の仲裁に入っていった。 ,incorrect,6.865
gpt-4.1-nano,3,4,まゆりは俺に頼るのを諦め、ぶすっと頬を膨らませつつ２人の仲裁に入っていった。 ,correct,1.975
gpt-4.1-nano,3,5,まゆりは俺に頼るのを諦め、ぶすっと頬を膨らまさせつつ2人の仲裁に入っていった。 ,incorrect,2.404
gpt-4.1-nano,3,6,まゆりは俺に頼るのを諦め、ぷすっと頬を膨らませつつ2人の仲裁に入っていった。 ,incorrect,2.021
gpt-4.1-nano,3,7,まゆりは俺に頼るのを諦め、ぶすっと頬を膨らませつつ2人の仲裁に入っていった。 ,correct,2.066
gpt-4.1-nano,3,8,まゆりは俺に頼るのを諦め、ぶすっと頬を膨らませつつ2人の仲裁に入っていった。 ,correct,2.689
gpt-4.1-nano,3,9,まゆりは俺に頼るのを諦め、ぶすっと頬を膨らましつつ2人の仲裁に入っていった。 ,incorrect,2.077
gpt-4.1-nano,3,10,まもりは俺に頼るのを諦め、ぶすっと頬を膨らませつつ2人の仲裁に入っていった。 ,incorrect,2.855
gpt-4.1-nano,4,1,闘入者たちも、最初の一言以外、なにも言おうとしない。 ,incorrect,1.932
gpt-4.1-nano,4,2,闇入者たちも、最初の一言以外、なにも言おうとしない。 ,incorrect,2.152
gpt-4.1-nano,4,3,闇入者たちも、最初の一言以外、なにも言おうとしない。 ,incorrect,2.554
gpt-4.1-nano,4,4,闇入者たちも、最初の一言以上、なにも言おうとしない。 ,incorrect,2.040
gpt-4.1-nano,4,5,闇入者たちも、最初の一言以外、なにも言おうとしない。 ,incorrect,1.875
gpt-4.1-nano,4,6,闇入者たちも、最初の一言以外、なににも言おうとしない ,incorrect,2.176
gpt-4.1-nano,4,7,闇入者たちも、最初の一言以外、なにも言おうとしない。 ,incorrect,1.776
gpt-4.1-nano,4,8,闇入者たちも、最初の一言以外、なにも言おうとしない。 ,incorrect,1.930
gpt-4.1-nano,4,9,闇入者たちも、最初の一言以外、なにも言おうとしない。 ,incorrect,2.048
gpt-4.1-nano,4,10,闘入者たちも、最初の一言以外、なにも言おうとしない。 ,incorrect,1.742
gpt-4.1-nano,5,1,ま、あたしもラボメンにしてもらったとはいえ、所詮は部外者だしねぇ ,correct,2.055
gpt-4.1-nano,5,2,ま、わたしもラボメンにしてもらったとはいえ、所詮は部外者だしねぇ ,incorrect,2.073
gpt-4.1-nano,5,3,ま、あたしもラボメンにしてもらったとはいえ、所詮は部外者だしねぇ ,correct,2.071
gpt-4.1-nano,5,4,ま、あたしもラボメンにしてもらったとはいえ、所詮は外部者だしねぇ ,incorrect,1.824
gpt-4.1-nano,5,5,ま、あたしもラボメンにしてもらったとはいえ、所詮は部外者だしねぇ ,correct,1.817
gpt-4.1-nano,5,6,ま、あたしもしラボメンにしてもらったといえ、所詮は部外者だしねえ ,incorrect,1.926
gpt-4.1-nano,5,7,"ま, あたしもラボメンにしてもらったとしは、所詮は部外者だしねえ ",incorrect,1.963
gpt-4.1-nano,5,8,ま、あたしもラボメンにしてもらったとはいえ、所詮は部外者だしねぇ》 ,incorrect,1.870
gpt-4.1-nano,5,9,ま、あたしもラボメンにしてもらったとはいえ、所詮は部外者だしねぇ ,correct,1.889
gpt-4.1-nano,5,10,ま、あたしもラボメンにしてもらったとはいえ、 所詮は部外者だしねぇ ,incorrect,1.941
o3,1,1,一度言ってしまったら、もう後には退けなかった。 ,correct,5.892
o3,1,2,一度言ってしまったら、もう後には退けなかった。 ,correct,11.059
o3,1,3,一度言ってしまったら、もう後には退けなかった。 ,correct,4.634
o3,1,4,一度言ってしまったら、もう後には引けなかった。 ,incorrect,10.338
o3,1,5,一度言ってしまったら、もう後には退けなかった。 ,correct,2.990
o3,1,6,一度言ってしまったら、もう後には退けなかった。 ,correct,2.445
o3,1,7,一度言ってしまったら、もう後には退けなかった。 ,correct,4.862
o3,1,8,一度言ってしまったら、もう後には退けなかった。 ,correct,2.970
o3,1,9,一度言ってしまったら、もう後には退けなかった。 ,correct,4.292
o3,1,10,一度言ってしまったら、もう後には退けなかった。 ,correct,3.005
o3,2,1,電流でも流されたように、自分の意志に関係なく全身が痙攣し。 ,correct,8.605
o3,2,2,電流でも流れたように、自分の意志に関係なく全身が痙攣し。 ,incorrect,21.453
o3,2,3,電流でも流されたように、自分の意志に関係なく全身が痙攣し。 ,correct,6.641
o3,2,4,電流でも流されたように、自分の意志に関係なく全身が痙攣し。 ,correct,9.033
o3,2,5,電流でも流れたように、自分の意志に関係なく全身が痙攣し。 ,incorrect,15.163
o3,2,6,電流でも流されたように、自分の意志に関係なく全身が痙攣し。 ,correct,10.021
o3,2,7,電流でも流されたように、自分の意志に関係なく全身が痙攣し。 ,correct,7.434
o3,2,8,電流でも流されたように、自分の意志に関係なく全身が痙攣し。 ,correct,4.901
o3,2,9,電流でも流されたように、自分の意志に関係なく全身が痙攣し。 ,correct,6.141
o3,2,10,電流でも流されたように、自分の意思に関係なく全身が痙攣し。 ,incorrect,8.477
o3,3,1,まゆりは俺に頼るのを諦め、ぶすっと頬を膨らませつつ２人の仲裁に入っていった。 ,correct,5.948
o3,3,2,まゆりは俺に頼るのを諦め、ぶすっと頬を膨らませつつ2人の仲裁に入っていった。 ,correct,5.734
o3,3,3,まゆりは俺に頼るのを諦め、ぶすっと頬を膨らませつつ2人の仲裁に入っていった。 ,correct,6.477
o3,3,4,まゆりは俺に頼るのを諦め、ぶすっと頬を膨らませつつ2人の仲裁に入っていった。 ,correct,4.477
o3,3,5,まゆりは俺に頼るのを諦め、ぶすっと頬を膨らませつつ2人の仲裁に入っていった。 ,correct,5.820
o3,3,6,まゆりは俺に頼るのを諦め、ぶすっと頬を膨らませつつ2人の仲裁に入っていった。 ,correct,9.121
o3,3,7,まゆりは俺に頼るのを諦め、ぶすっと頬を膨らませつつ2人の仲裁に入っていった。 ,correct,5.280
o3,3,8,まゆりは俺に頼るのを諦め、ぶすっと頬を膨らませつつ2人の仲裁に入っていった。 ,correct,8.463
o3,3,9,まゆりは俺に頼るのを諦め、ぶすっと頬を膨らませつつ2人の仲裁に入っていった。 ,correct,16.585
o3,3,10,まゆりは俺に頼るのを諦め、ぶすっと頬を膨らませつつ2人の仲裁に入っていった。 ,correct,8.376
o3,4,1,闖入者たちも、最初の一言以外、なにも言おうとしない。 ,correct,21.483
o3,4,2,闖入者たちも、最初の一言以外、なにも言おうとしない。 ,correct,12.788
o3,4,3,闖入者たちも、最初の一言以外、なにも言おうとしない。 ,correct,15.480
o3,4,4,闖入者たちも、最初の一言以外、なにも言おうとしない。 ,correct,5.611
o3,4,5,闖入者たちも、最初の一言以外、なにも言おうとしない。 ,correct,4.400
o3,4,6,闖入者たちも、最初の一言以外、なにも言おうとしない。 ,correct,10.950
o3,4,7,闖入者たちも、最初の一言以外、なにも言おうとしない。 ,correct,10.821
o3,4,8,闖入者たちも、最初の一言以外、なにも言おうとしない。 ,correct,14.993
o3,4,9,闖入者たちも、最初の一言以外、なにも言おうとしない。 ,correct,5.773
o3,4,10,闖入者たちも、最初の一言以外、なにも言おうとしない。 ,correct,4.287
o3,5,1,「ま、あたしもラボメンにしてもらったとはいえ、所詮は部外者だし ねえ」 ,incorrect,11.303
o3,5,2,「ま、あたしもラボメンにしてもらったとはいえ、所詮は部外者だしねえ」 ,incorrect,16.891
o3,5,3,「ま、あたしもラボメンにしてもらったとはいえ、所詮は部外者だしねえ」 ,incorrect,14.067
o3,5,4,「ま、あたしもラボメンにしてもらったとはいえ、所詮は部外者だしねえ」 ,incorrect,5.297
o3,5,5,「ま、あたしもラボメンにしてもらったとはいえ、所詮は部外者だしねえ」 ,incorrect,11.498
o3,5,6,「ま、あたしもラボメンにしてもらったとはいえ、所詮は部外者だしねぇ」 ,correct,10.143
o3,5,7,「ま、あたしもラボメンにしてもらったとはいえ、所詮は部外者だしねえ」 ,incorrect,11.684
o3,5,8,「ま、あたしもラボメンにしてもらったとはいえ、所詮は部外者だしねえ」 ,incorrect,16.948
o3,5,9,「ま、あたしもラボメンにしてもらったとはいえ、所詮は部外者だしねえ」 ,incorrect,14.778
o3,5,10,「ま、あたしもラボメンにしてもらったとはいえ、所詮は部外者だしねえ」 ,incorrect,16.107
o4-mini,1,1,一度言ってしまったら、もう後には退けなかった。 ,correct,2.605
o4-mini,1,2,一度言ってしまったら、もう後には退けなかった。 ,correct,4.694
o4-mini,1,3,一度言ってしまったら、もう後には退けなかった。 ,correct,5.564
o4-mini,1,4,一度言ってしまったら、もう後には退けなかった。 ,correct,3.597
o4-mini,1,5,一度言ってしまったら、もう後には退けなかった。 ,correct,4.122
o4-mini,1,6,一度言ってしまったら、もう後には退けなかった。 ,correct,3.130
o4-mini,1,7,一度言ってしまったら、もう後には退けなかった。 ,correct,4.521
o4-mini,1,8,一度言ってしまったら、もう後には退けなかった。 ,correct,4.633
o4-mini,1,9,一度言ってしまったら、もう後には退けなかった。 ,correct,2.720
o4-mini,1,10,一度言ってしまったら、もう後には退けなかった。 ,correct,2.831
o4-mini,2,1,電流でも流されたように、自分の意志に関係なく全身が痙攣し。 ,correct,3.989
o4-mini,2,2,電流でも流されたように、自分の意志に関係なく全身が痙攣し。 ,correct,6.623
o4-mini,2,3,電流でも流されたように、自分の意志に関係なく全身が痙攣し。 ,correct,7.333
o4-mini,2,4,電流でも流されたように、自分の意志に関係なく全身が痙攣し。 ,correct,4.413
o4-mini,2,5,電流でも流されたように、自分の意志に関係なく全身が痙攣し。 ,correct,5.136
o4-mini,2,6,電流でも流されたように、自分の意志に関係なく全身が痙攣し。 ,correct,3.677
o4-mini,2,7,電流でも流されたように、自分の意志に関係なく全身が痙攣し。 ,correct,5.695
o4-mini,2,8,電流でも流されたように、自分の意志に関係なく全身が痙攣し。 ,correct,4.559
o4-mini,2,9,電流でも流されたように、自分の意志に関係なく全身が痙攣し。 ,correct,3.247
o4-mini,2,10,電流でも流されたように、自分の意志に関係なく全身が痙攣し。 ,correct,3.678
o4-mini,3,1,まゆりは俺に頼るのを諦め、ぶすっと頬を膨らませつつ2人の仲裁に入っていった。 ,correct,4.807
o4-mini,3,2,まゆりは俺に頼るのを諦め、ぶすっと頬を膨らませつつ2人の仲裁に入っていった。 ,correct,5.864
o4-mini,3,3,まゆりは俺に頼るのを諦め、ぶすっと頬を膨らませつつ2人の仲裁に入っていった。 ,correct,5.443
o4-mini,3,4,まゆりは俺に頼るのを諦め、ぷすっと頬を膨らませつつ2人の仲裁に入っていった。 ,incorrect,6.290
o4-mini,3,5,まゆりは俺に頼るのを諦め、ぶすっと頬を膨らませつつ2人の仲裁に入っていった。 ,correct,5.250
o4-mini,3,6,まゆりは俺に頼るのを諦め、ぶすっと頬を膨らませつつ2人の仲裁に入っていった。 ,correct,3.658
o4-mini,3,7,まゆりは俺に頼るのを諦め、ぶすっと頬を膨らませつつ2人の仲裁に入っていった。 ,correct,4.625
o4-mini,3,8,まゆりは俺に頼るのを諦め、ぶすっと頬を膨らませつつ2人の仲裁に入っていった。 ,correct,7.828
o4-mini,3,9,まゆりは俺に頼るのを諦め、ぶすっと頬を膨らませつつ2人の仲裁に入っていった。 ,correct,9.439
o4-mini,3,10,まゆりは俺に頼るのを諦め、ぶすっと頬を膨らませつつ2人の仲裁に入っていった。 ,correct,4.930
o4-mini,4,1,闖入者たちも、最初の一言以外、なにも言おうとしない。 ,correct,7.519
o4-mini,4,2,闖入者たちも、最初の一言以外、なにも言おうとしない。 ,correct,6.681
o4-mini,4,3,闖入者たちも、最初の一言以外、なにも言おうとしない。 ,correct,3.141
o4-mini,4,4,闖入者たちも、最初の一言以外、なにも言おうとしない。 ,correct,5.103
o4-mini,4,5,闖入者たちも、最初の一言以外、なにも言おうとしない。 ,correct,12.654
o4-mini,4,6,闖入者たちも、最初の一言以外、なにも言おうとしない。 ,correct,4.064
o4-mini,4,7,闖入者たちも、最初の一言以外、なにも言おうとしない。 ,correct,5.274
o4-mini,4,8,闖入者たちも、最初の一言以外、なにも言おうとしない。 ,correct,5.197
o4-mini,4,9,闖入者たちも、最初の一言以外、なにも言おうとしない。 ,correct,4.475
o4-mini,4,10,闖入者たちも、最初の一言以外、なにも言おうとしない。 ,correct,3.881
o4-mini,5,1,「ま、あたしもラボメンにしてもらったとはいえ、所詮は部外者だしねぇ」 ,correct,4.746
o4-mini,5,2,ま、あたしもラボメンにしてもらったとはいえ、所詮は部外者だしねぇ ,correct,6.265
o4-mini,5,3,「ま、あたしもラボメンにしてもらったとはいえ、所詮は部外者だしねぇ」 ,correct,4.917
o4-mini,5,4,「ま、あたしもラボメンにしてもらったとはいえ、所詮は部外者だしねぇ」 ,correct,4.983
o4-mini,5,5,「ま、あたしもラボメンにしてもらったとはいえ、所詮は部外者だしねぇ」 ,correct,3.669
o4-mini,5,6,ま、あたしもラボメンにしてもらったとはいえ、所詮は部外者だしねぇ ,correct,4.583
o4-mini,5,7,「ま、あたしもラボメンにしてもらったとはいえ、所詮は部外者だしねぇ」 ,correct,3.466
o4-mini,5,8,「ま、あたしもラボメンにしてもらったとはいえ、所詮は部外者だしねぇ」 ,correct,5.008
o4-mini,5,9,「ま、あたしもラボメンにしてもらったとはいえ、所詮は部外者だしねぇ」 ,correct,4.806
o4-mini,5,10,「まぁ、あたしもラボメンにしてもらったとはいえ、所詮は部外者だしねぇ」 ,incorrect,8.874
gpt-5,1,1,一度言ってしまったら、もう後には引けなかった。 ,incorrect,11.646
gpt-5,1,2,一度言ってしまったら、もう後には引けなかった。 ,incorrect,12.295
gpt-5,1,3,一度言ってしまったら、もう後には引けなかった。 ,incorrect,12.030
gpt-5,1,4,一度言ってしまったら、もう後には引けなかった。 ,incorrect,11.206
gpt-5,1,5,一度言ってしまったら、もう後には引けなかった。 ,incorrect,11.669
gpt-5,1,6,一度言ってしまったら、もう後には退けなかった。 ,correct,8.577
gpt-5,1,7,一度言ってしまったら、もう後には引けなかった。 ,incorrect,16.210
gpt-5,1,8,一度言ってしまったら、もう後には退けなかった。 ,correct,5.756
gpt-5,1,9,一度言ってしまったら、もう後には退けなかった。 ,correct,8.775
gpt-5,1,10,一度言ってしまったら、もう後には退けなかった。 ,correct,8.989
gpt-5,2,1,電流でも流されたように、自分の意思に関係なく全身が痙攣し。 ,incorrect,17.535
gpt-5,2,2,電流でも流されたように、自分の意志に関係なく全身が痙攣し。 ,correct,18.771
gpt-5,2,3,電流でも流されたように、自分の意思に関係なく全身が痙攣し。 ,incorrect,21.905
gpt-5,2,4,電流でも流されたように、自分の意志に関係なく全身が痙攣し。 ,correct,13.777
gpt-5,2,5,電流でも流されたように、自分の意思に関係なく全身が痙攣し。 ,incorrect,17.203
gpt-5,2,6,電流でも流されたように、自分の意思に関係なく全身が痙攣し。 ,incorrect,16.987
gpt-5,2,7,電流でも流されたように、自分の意思に関係なく全身が痙攣し。 ,incorrect,19.480
gpt-5,2,8,電流でも流れたように、自分の意志に関係なく全身が痙攣し。 ,incorrect,13.149
gpt-5,2,9,電流でも流されたように、自分の意志に関係なく全身が痙攣し。 ,correct,15.062
gpt-5,2,10,電流でも流されたように、自分の意志に関係なく全身が痙攣し。 ,correct,14.689
gpt-5,3,1,まゆりは俺に頼るのを諦め、ぷすっと頬を膨らませつつ2人の仲裁に入っていった。 ,incorrect,9.033
gpt-5,3,2,まゆりは俺に頼るのを諦め、ぷすっと頬を膨らませつつ2人の仲裁に入っていった。 ,incorrect,16.907
gpt-5,3,3,まゆりは俺に頼るのを諦め、ぷすっと頬を膨らませつつ2人の仲裁に入っていった。 ,incorrect,16.658
gpt-5,3,4,まゆりは俺に頼るのを諦め、ぶすっと頬を膨らませつつ2人の仲裁に入っていった。 ,correct,22.155
gpt-5,3,5,まゆりは俺に頼るのを諦め、ぶすっと頬を膨らませつつ2人の仲裁に入っていった。 ,correct,21.126
gpt-5,3,6,まゆりは俺に頼るのを諦め、ぷすっと頬を膨らませつつ2人の仲裁に入っていった。 ,incorrect,10.702
gpt-5,3,7,まゆりは俺に頼るのを諦め、ぶすっと頬を膨らませつつ2人の仲裁に入っていった。 ,correct,8.058
gpt-5,3,8,まゆりは俺に頼るのを諦め、ぶすっと頬を膨らませつつ2人の仲裁に入っていった。 ,correct,9.970
gpt-5,3,9,まゆりは俺に頼るのを諦め、ぷすっと頬を膨らませつつ2人の仲裁に入っていった。 ,incorrect,9.907
gpt-5,3,10,まゆりは俺に頼るのを諦め、ぷすっと頬を膨らませつつ2人の仲裁 　に入っていった。 ,incorrect,22.764
gpt-5,4,1,闖入者たちも、最初の一言以外、なにも言おうとしない。 ,correct,6.497
gpt-5,4,2,闖入者たちも、最初の一言以外、なにも言おうとしない。 ,correct,9.215
gpt-5,4,3,闖入者たちも、最初の一言以外、なにも言おうとしない。 ,correct,8.981
gpt-5,4,4,闖入者たちも、最初の一言以外、なにも言おうとしない。 ,correct,15.381
gpt-5,4,5,闖入者たちも、最初の一言以外、なにも言おうとしない。 ,correct,11.975
gpt-5,4,6,闖入者たちも、最初の一言以外、なにも言おうとしない。 ,correct,13.830
gpt-5,4,7,闖入者たちも、最初の一言以外、なにも言おうとしない。 ,correct,9.078
gpt-5,4,8,闖入者たちも、最初の一言以外、なにも言おうとしない。 ,correct,7.741
gpt-5,4,9,闖入者たちも、最初の一言以外、なにも言おうとしない。 ,correct,6.728
gpt-5,4,10,闖入者たちも、最初の一言以外、なにも言おうとしない。 ,correct,14.562
gpt-5,5,1,「ま、あたしもラボメンにしてもらったとはいえ、所詮は部外者だしねぇ」 ,correct,15.891
gpt-5,5,2,「ま、あたしもラボメンにしてもらったとはいえ、所詮は部外者だしねえ」 ,incorrect,11.830
gpt-5,5,3,「ま、あたしもラボメンにしてもらったとはいえ、所詮は部外者だし、ねぇ」 ,incorrect,16.435
gpt-5,5,4,「ま、あたしもラボメンにしてもらったとはいえ、所詮は部外者だしねぇ」 ,correct,14.700
gpt-5,5,5,「ま、あたしもラボメンにしてもらったとはいえ、所詮は部外者だしねえ」 ,incorrect,12.335
gpt-5,5,6,「ま、あたしもラボメンにしてもらったとはいえ、所詮は部外者だしねぇ」 ,correct,20.898
gpt-5,5,7,「ま、あたしもラボメンにしてもらったとはいえ、所詮は部外者だしねえ」 ,incorrect,11.535
gpt-5,5,8,「ま、あたしもラボメンにしてもらったとはいえ、所詮は部外者だしねぇ」 ,correct,17.244
gpt-5,5,9,「ま、あたしもラボメンにしてもらったとはいえ、所詮は部外者だしねぇ」 ,correct,13.466
gpt-5,5,10,「ま、あたしもラボメンにしてもらったとはいえ、所詮は部外者だしねぇ」 ,correct,33.497
gpt-5-mini,1,1,一度言ってしまったら、もう後には引けなかった。 ,incorrect,7.297
gpt-5-mini,1,2,一度言ってしまったら、もう後には引けなかった。 ,incorrect,8.068
gpt-5-mini,1,3,一度言ってしまったら、もう後には引けなかった。 ,incorrect,8.885
gpt-5-mini,1,4,一度言ってしまったら、もう後には引けなかった。 ,incorrect,8.134
gpt-5-mini,1,5,一度言ってしまったら、もう後には退けなかった。 ,correct,3.446
gpt-5-mini,1,6,一度言ってしまったら、もう後には引けなかった。 ,incorrect,4.748
gpt-5-mini,1,7,一度言ってしまったら、もう後には引けなかった。 ,incorrect,5.121
gpt-5-mini,1,8,一度言ってしまったら、もう後には引けなかった。 ,incorrect,7.151
gpt-5-mini,1,9,一度言ってしまったら、もう後には引けなかった。 ,incorrect,10.058
gpt-5-mini,1,10,一度言ってしまったら、もう後には引けなかった。 ,incorrect,6.940
gpt-5-mini,2,1,電流でも流されたように、自分の意志に関係なく全身が痺れた。 ,incorrect,11.863
gpt-5-mini,2,2,電流でも流されたように、自分の意志に関係なく全身が痺攣し。 ,incorrect,8.780
gpt-5-mini,2,3,電流でも流されたように、自分の意志に関係なく全身が痙攣し。 ,correct,7.814
gpt-5-mini,2,4,電流でも流されたように、自分の意志に関係なく全身が痙攣し。 ,correct,11.161
gpt-5-mini,2,5,電流でも流されたように、自分の意志に関係なく全身が痙攣し、 ,incorrect,5.314
gpt-5-mini,2,6,電流でも流されたように、自分の意志に関係なく全身が痙攣し。 ,correct,7.787
gpt-5-mini,2,7,電流でも流されたように、自分の意志に関係なく全身が痙攣し、 ,incorrect,7.948
gpt-5-mini,2,8,電流でも流されたように、自分の意志に関係なく全身が痙攣し、 ,incorrect,6.523
gpt-5-mini,2,9,電流でも流されたように、自分の意志に関係なく全身が痙攣し。 ,correct,7.060
gpt-5-mini,2,10,電流でも流されたように、自分の意志に関係なく全身が痙攣し、 ,incorrect,12.736
gpt-5-mini,3,1,まゆりは俺に頼るのを諦め、ぷすっと頬を膨らませつつ2人の仲裁に入っていった。 ,incorrect,5.145
gpt-5-mini,3,2,まゆりは俺に頼るのを諦め、ぶすっと頬を膨らませつつ2人の仲裁に入っていった。 ,correct,7.987
gpt-5-mini,3,3,まゆりは俺に頼るのを諦め、ぶすっと頬を膨らませつつ2人の仲裁に入っていった。 ,correct,6.087
gpt-5-mini,3,4,まゆりは俺に頼るのを諦め、ぶすっと頬を膨らませつつ2人の仲裁に入っていった。 ,correct,12.901
gpt-5-mini,3,5,まゆりは俺に頼るのを諦め、ぶすっと頬を膨らませつつ2人の仲裁に入っていった。 ,correct,6.491
gpt-5-mini,3,6,まゆりは俺に頼るのを諦め、ぶすっと頬を膨らませつつ2人の仲裁に入っていった。 ,correct,6.474
gpt-5-mini,3,7,まゆりは俺に頼るのを諦め、ぶすっと頬を膨らませつつ2人の仲裁に入っていった。 ,correct,5.674
gpt-5-mini,3,8,まゆりは俺に頼るのを諦め、ぶすっと頬を膨らませつつ2人の仲裁に入っていった。 ,correct,5.051
gpt-5-mini,3,9,まゆりは俺に頼るのを諦め、ぶすっと頬を膨らませつつ2人の仲裁に入っていった。 ,correct,13.027
gpt-5-mini,3,10,まゆりは俺に頼るのを諦め、ぶすっと頬を膨らませつつ2人の仲裁に入っていった。 ,correct,6.403
gpt-5-mini,4,1,闖入者たちも、最初の一言以外、なにも言おうとしない。 ,correct,11.149
gpt-5-mini,4,2,闖入者たちも、最初の一言以外、なにも言おうとしない。 ,correct,8.233
gpt-5-mini,4,3,闖入者たちも、最初の一言以外、なにも言おうとしない。 ,correct,8.078
gpt-5-mini,4,4,侵入者たちも、最初の一言以外、なにも言おうとしない。 ,incorrect,9.838
gpt-5-mini,4,5,侵入者たちも、最初の一言以外、なにも言おうとしない。 ,incorrect,5.919
gpt-5-mini,4,6,侵入者たちも、最初の一言以外、なにも言おうとしない。 ,incorrect,6.641
gpt-5-mini,4,7,闖入者たちも、最初の一言以外、なにも言おうとしない。 ,correct,8.429
gpt-5-mini,4,8,闖入者たちも、最初の一言以外、なにも言おうとしない。 ,correct,9.165
gpt-5-mini,4,9,侵入者たちも、最初の一言以外、なにも言おうとしない。 ,incorrect,7.016
gpt-5-mini,4,10,侵入者たちも、最初の一言以外、なにも言おうとしない。 ,incorrect,7.321
gpt-5-mini,5,1,「ま、あたしもラボメンにしてもらったとはいえ、所詮は部外者だしねぇ」 ,correct,8.052
gpt-5-mini,5,2,「ま、あたしもラボメンにしてもらったとはいえ、所詮は部外者だしねぇ」 ,correct,7.191
gpt-5-mini,5,3,「ま、あたしもラボメンにしてもらったとはいえ、所詮は部外者だしねえ」 ,incorrect,8.567
gpt-5-mini,5,4,「ま、あたしもラボメンにしてもらったとはいえ、所詮は部外者だしねぇ」 ,correct,5.187
gpt-5-mini,5,5,「ま、あたしもラボメンにしてもらったとはいえ、所詮は部外者だしねぇ」 ,correct,5.805
gpt-5-mini,5,6,「ま、あたしもラボメンにしてもらったとはいえ、所詮は部外者だしねぇ」 ,correct,5.507
gpt-5-mini,5,7,「ま、あたしもラボメンにしてもらったとはいえ、所詮は部外者だしねぇ」 ,correct,5.174
gpt-5-mini,5,8,「ま、あたしもラボメンにしてもらったとはいえ、所詮は部外者だしねぇ」 ,correct,4.684
gpt-5-mini,5,9,「ま、あたしもラボメンにしてもらったとはいえ、所詮は部外者だしねぇ」 ,correct,7.878
gpt-5-mini,5,10,「ま、あたしもラボメンにしてもらったとはいえ、所詮は部外者だしねぇ」 ,correct,6.550
gpt-5-nano,1,1,一度言ってしまったら、もう後には引けなかった。 ,incorrect,11.339
gpt-5-nano,1,2,一度言ってしまったら、もう後には引けなかった。 ,incorrect,14.366
gpt-5-nano,1,3,一度言ってしまったら、もう後には引けなかった。 ,incorrect,11.398
gpt-5-nano,1,4,一度言ってしまったら、もう後には退けなかった。 ,correct,8.709
gpt-5-nano,1,5,一度言ってしまったら、もう後には引けなかった。 ,incorrect,10.775
gpt-5-nano,1,6,一度言ってしまったら、もう後には引けなかった。 ,incorrect,9.896
gpt-5-nano,1,7,一度言ってしまったら、もう後には戻れなかった。 ,incorrect,19.963
gpt-5-nano,1,8,一度言ってしまったら、もう後には引けなかった。 ,incorrect,11.408
gpt-5-nano,1,9,一度言ってしまったら、もう後には引けなかった。 ,incorrect,12.122
gpt-5-nano,1,10,一度言ってしまったら、もう後には引けなかった。 ,incorrect,8.040
gpt-5-nano,2,1,電流でも流されたように、自分の意志に関係なく全身が痙攣し。 ,correct,21.428
gpt-5-nano,2,2,電流でも流されたように、自分の意志に関係なく全身が痙攣し。 ,correct,29.091
gpt-5-nano,2,3,電流でも流されたように、自分の意志に関係なく全身が痙攣し。 ,correct,26.468
gpt-5-nano,2,4,電流でも流されたように、自分の意思に関係なく全身が痙攣し。 ,incorrect,7.037
gpt-5-nano,2,5,電流でも流されたように、自分の意思に関係なく全身が痙攣し。 ,incorrect,23.970
gpt-5-nano,2,6,電流でも流されたように、自分の意志に関係なく全身が痙攣。 ,incorrect,18.365
gpt-5-nano,2,7,電流でも流されたように、自分の意志に関係なく全身が痙攣し。 ,correct,15.359
gpt-5-nano,2,8,電流でも流されたように、自分の意志に関係なく全身が痙攣し。 ,correct,11.328
gpt-5-nano,2,9,電流でも流されたように、自分の意思に関係なく全身が痙攣。 ,incorrect,22.449
gpt-5-nano,2,10,電流でも流されたように、自分の意志に関係なく全身が痙攣し。 ,correct,23.661
gpt-5-nano,3,1,まゆりは俺に頼るのを諦め、ぶすっと頬を膨らませつつ2人の仲裁に入っていった。 ,correct,14.226
gpt-5-nano,3,2,まゆりは俺に頼るのを諦め、ぶすっと頬を膨らませつつ2人の仲裁に入っていった。 ,correct,5.854
gpt-5-nano,3,3,まゆりは俺に頼るのを諦め、ぶすっと頬を膨らませつつ2人の仲裁に入っていった。 ,correct,18.699
gpt-5-nano,3,4,まゆりは俺に頼るのを諦め、ぶすっと頬を膨らませつつ2人の仲裁に入っていった。 ,correct,9.077
gpt-5-nano,3,5,まゆりは俺に頼るのを諦め、ぶすっと頬を膨らませつつ2人の仲裁に入っていった。 ,correct,11.443
gpt-5-nano,3,6,まゆりは俺に頼るのを諦め、ぶすっと頬を膨らませつつ2人の仲裁に入っていった。 ,correct,7.585
gpt-5-nano,3,7,まゆりは俺に頼るのを諦め、ぶすっと頬を膨らませつつ2人の仲裁に入っていった。 ,correct,14.573
gpt-5-nano,3,8,まゆりは俺に頼るのを諦め、ぶすっと頬を膨らませつつ2人の仲裁に入っていった。 ,correct,11.899
gpt-5-nano,3,9,まゆりは俺に頼るのを諦め、ぶすっと頬を膨らませつつ2人の仲裁に入っていった。 ,correct,5.647
gpt-5-nano,3,10,まゆりは俺に頼るのを諦め、ぶすっと頬を膨らませつつ2人の仲裁に入っていった。 ,correct,9.644
gpt-5-nano,4,1,闖入者たちも、最初の一言以外、なにも言おうとしない。 ,correct,19.341
gpt-5-nano,4,2,侵入者たちも、最初の一言以外、なにも言おうとしない。 ,incorrect,14.600
gpt-5-nano,4,3,闖入者たちも、最初の一言以外、なにも言おうとしない。 ,correct,14.672
gpt-5-nano,4,4,闇入者たちも、最初の一言以外、なにも言おうとしない。 ,incorrect,11.646
gpt-5-nano,4,5,闇入者たちも、最初の一言以外、なにも言おうとしない。 ,incorrect,9.364
gpt-5-nano,4,6,闇入者たちも、最初の一言以外、なにも言おうとしない。 ,incorrect,10.307
gpt-5-nano,4,7,闇入者たちも、最初の一言以外、なにも言おうとしない。 ,incorrect,8.986
gpt-5-nano,4,8,闖入者たちも、最初の一言以外、なにも言おうとしない。 ,correct,15.520
gpt-5-nano,4,9,侵入者たちも、最初の一言以外、なにも言おうとしない。 ,incorrect,13.246
gpt-5-nano,4,10,侵入者たちも、最初の一言以外、なにも言おうとしない。 ,incorrect,17.460
gpt-5-nano,5,1,「ま、あたしもラボメンにしてもらったとはいえ、所詮は部外者だしねぇ」 ,correct,12.512
gpt-5-nano,5,2,「ま、あたしもラボメンにしてもらったとはいえ、所詮は部外者だしねえ」 ,incorrect,19.521
gpt-5-nano,5,3,「まあ、あたしもラボメンにしてもらったとはいえ、所詮は部外者だしねえ」 ,incorrect,14.061
gpt-5-nano,5,4,「ま、あたしもラボメンにしてもらったとはいえ、所詮は部外者だしねぇ」 ,correct,17.033
gpt-5-nano,5,5,「ま、あたしもラボメンにしてもらったとはいえ、所詮は部外者だしねぇ」 ,correct,16.016
gpt-5-nano,5,6,「ま、あたしもラボメンにしてもらったとはいえ、所謂は部外者だしねえ」 ,incorrect,10.890
gpt-5-nano,5,7,「ま、あたしもラボメンにしてもらったとはいえ、所詮は部外者だしねぇ」 ,correct,12.614
gpt-5-nano,5,8,「ま、あたしもラボメンにしてもらったとはいえ、所謂は部外者だしねぇ」 ,incorrect,7.946
gpt-5-nano,5,9,「ま、あたしもラボメンにしてもらったとはいえ、所謂は部外者だしねぇ」 ,incorrect,12.417
gpt-5-nano,5,10,「ま、あたしもラボメンにしてもらったとはいえ、所詮は部外者だしねぇ」 ,correct,12.260
gpt-5.1,1,1,一度言ってしまったら、もう後には退けなかった。 ,correct,2.376
gpt-5.1,1,2,一度言ってしまったら、もう後には退けなかった。 ,correct,2.029
gpt-5.1,1,3,一度言ってしまったら、もう後には退けなかった。 ,correct,2.019
gpt-5.1,1,4,一度言ってしまったら、もう後には退けなかった。 ,correct,2.009
gpt-5.1,1,5,一度言ってしまったら、もう後には退けなかった。 ,correct,2.403
gpt-5.1,1,6,一度言ってしまったら、もう後には退けなかった。 ,correct,2.112
gpt-5.1,1,7,一度言ってしまったら、もう後には退けなかった。 ,correct,2.299
gpt-5.1,1,8,一度言ってしまったら、もう後には退けなかった。 ,correct,6.940
gpt-5.1,1,9,一度言ってしまったら、もう後には退けなかった。 ,correct,1.925
gpt-5.1,1,10,一度言ってしまったら、もう後には退けなかった。 ,correct,1.968
gpt-5.1,2,1,電流でも流されたように、自分の意志に関係なく全身が痙攣し。 ,correct,2.090
gpt-5.1,2,2,電流でも流されたように、自分の意志に関係なく全身が痙攣し。 ,correct,2.030
gpt-5.1,2,3,電流でも流されたように、自分の意志に関係なく全身が痙攣し。 ,correct,2.828
gpt-5.1,2,4,電流でも流されたように、自分の意志に関係なく全身が痙攣し。 ,correct,9.189
gpt-5.1,2,5,電流でも流されたように、自分の意志に関係なく全身が痙攣し。 ,correct,2.169
gpt-5.1,2,6,電流でも流されたように、自分の意志に関係なく全身が痙攣し。 ,correct,2.369
gpt-5.1,2,7,電流でも流されたように、自分の意志に関係なく全身が痙攣し。 ,correct,2.170
gpt-5.1,2,8,電流でも流されたように、自分の意志に関係なく全身が痙攣し。 ,correct,2.159
gpt-5.1,2,9,電流でも流されたように、自分の意志に関係なく全身が痙攣し。 ,correct,2.072
gpt-5.1,2,10,電流でも流されたように、自分の意志に関係なく全身が痙攣し。 ,correct,1.963
gpt-5.1,3,1,まゆりは俺に頼るのを諦め、ぷすっと頬を膨らませつつ２人の仲裁に入っていった。 ,incorrect,2.149
gpt-5.1,3,2,まゆりは俺に頼るのを諦め、ぷすっと頬を膨らませつつ2人の仲裁に入っていった。 ,incorrect,2.286
gpt-5.1,3,3,まゆりは俺に頼るのを諦め、ぷすっと頬を膨らませつつ2人の仲裁に入っていった。 ,incorrect,2.131
gpt-5.1,3,4,まゆりは俺に頼るのを諦め、ぷすっと頬を膨らませつつ2人の仲裁に入っていった。 ,incorrect,2.178
gpt-5.1,3,5,まゆりは俺に頼るのを諦め、ぷすっと頬を膨らませつつ2人の仲裁に入っていった。 ,incorrect,2.144
gpt-5.1,3,6,まゆりは俺に頼るのを諦め、ぷすっと頬を膨らませつつ2人の仲裁に入っていった。 ,incorrect,2.203
gpt-5.1,3,7,まゆりは俺に頼るのを諦め、ぷすっと頬を膨らませつつ2人の仲裁に入っていった。 ,incorrect,2.165
gpt-5.1,3,8,まゆりは俺に頼るのを諦め、ぷすっと頬を膨らませつつ2人の仲裁に入っていった。 ,incorrect,2.113
gpt-5.1,3,9,まゆりは俺に頼るのを諦め、ぷすっと頬を膨らませつつ2人の仲裁に入っていった。 ,incorrect,2.120
gpt-5.1,3,10,まゆりは俺に頼るのを諦め、ぷすっと頬を膨らませつつ2人の仲裁に入っていった。 ,incorrect,2.563
gpt-5.1,4,1,闖入者たちも、最初の一言以外、なにも言おうとしない。 ,correct,2.329
gpt-5.1,4,2,闖入者たちも、最初の一言以外、なにも言おうとしない。 ,correct,2.867
gpt-5.1,4,3,闘入者たちも、最初の一言以外、なにも言おうとしない。 ,incorrect,2.089
gpt-5.1,4,4,闖入者たちも、最初の一言以外、なにも言おうとしない。 ,correct,2.263
gpt-5.1,4,5,闖入者たちも、最初の一言以外、なにも言おうとしない。 ,correct,2.234
gpt-5.1,4,6,闖入者たちも、最初の一言以外、なにも言おうとしない。 ,correct,2.369
gpt-5.1,4,7,闖入者たちも、最初の一言以外、なにも言おうとしない。 ,correct,1.996
gpt-5.1,4,8,闖入者たちも、最初の一言以外、なにも言おうとしない。 ,correct,2.138
gpt-5.1,4,9,闖入者たちも、最初の一言以外、なにも言おうとしない。 ,correct,2.158
gpt-5.1,4,10,闖入者たちも、最初の一言以外、なにも言おうとしない。 ,correct,2.319
gpt-5.1,5,1,「ま、あたしもラボメンにしてもらったとはいえ、所属は部外者だしねえ」 ,incorrect,2.224
gpt-5.1,5,2,「ま、あたしもラボメンにしてもらったとはいえ、所属は部外者だしねぇ」 ,incorrect,3.213
gpt-5.1,5,3,「ま、あたしもラボメンにしてもらったとはいえ、所属は部外者だしねぇ」 ,incorrect,4.220
gpt-5.1,5,4,「ま、あたしもラボメンにしてもらったとはいえ、所詮は部外者だしねぇ」 ,correct,2.510
gpt-5.1,5,5,「ま、あたしもラボメンにしてもらったとはいえ、所詮は部外者だしねぇ」 ,correct,2.381
gpt-5.1,5,6,「ま、あたしもラボメンにしてもらったとはいえ、所属は部外者だしねえ」 ,incorrect,2.270
gpt-5.1,5,7,「ま、あたしもラボメンにしてもらったとはいえ、所属は部外者だし ねえ」 ,incorrect,2.399
gpt-5.1,5,8,「ま、あたしもラボメンにしてもらったとはいえ、所属は部外者だしねえ」 ,incorrect,2.805
gpt-5.1,5,9,「ま、あたしもラボメンにしてもらったとはいえ、所属は部外者だしねぇ」 ,incorrect,2.262
gpt-5.1,5,10,「ま、あたしもラボメンにしてもらったとはいえ、所詮は部外者だしねえ」 ,incorrect,2.075
gpt-5.2,1,1,一度言ってしまったら、もう後には退けなかった。 ,correct,1.859
gpt-5.2,1,2,一度言ってしまったら、もう後には退けなかった。 ,correct,1.869
gpt-5.2,1,3,一度言ってしまったら、もう後には退けなかった。 ,correct,1.899
gpt-5.2,1,4,一度言ってしまったら、もう後には退けなかった。 ,correct,1.902
gpt-5.2,1,5,一度言ってしまったら、もう後には退けなかった。 ,correct,1.871
gpt-5.2,1,6,一度言ってしまったら、もう後には退けなかった。 ,correct,2.152
gpt-5.2,1,7,一度言ってしまったら、もう後には退けなかった。 ,correct,1.991
gpt-5.2,1,8,一度言ってしまったら、もう後には退けなかった。 ,correct,1.813
gpt-5.2,1,9,一度言ってしまったら、もう後には退けなかった。 ,correct,3.471
gpt-5.2,1,10,一度言ってしまったら、もう後には退けなかった。 ,correct,1.815
gpt-5.2,2,1,電流でも流されたように、自分の意志に関係なく全身が痙攣し。 ,correct,1.993
gpt-5.2,2,2,電流でも流されたように、自分の意志に関係なく全身が痙攣し。 ,correct,2.205
gpt-5.2,2,3,電流でも流されたように、自分の意志に関係なく全身が痙攣し。 ,correct,2.021
gpt-5.2,2,4,電流でも流されたように、自分の意志に関係なく全身が痙攣し。 ,correct,2.021
gpt-5.2,2,5,電流でも流されたように、自分の意志に関係なく全身が痙攣し。 ,correct,2.100
gpt-5.2,2,6,電流でも流されたように、自分の意志に関係なく全身が痙攣し。 ,correct,2.073
gpt-5.2,2,7,電流でも流されたように、自分の意志に関係なく全身が痙攣し。 ,correct,2.368
gpt-5.2,2,8,電流でも流されたように、自分の意志に関係なく全身が痙攣し。 ,correct,2.009
gpt-5.2,2,9,電流でも流されたように、自分の意志に関係なく全身が痙攣し。 ,correct,1.978
gpt-5.2,2,10,電流でも流されたように、自分の意志に関係なく全身が痙攣し。 ,correct,2.021
gpt-5.2,3,1,まゆりは俺に頼るのを諦め、ぶすっと頬を膨らませつつ2人の仲裁に入っていった。 ,correct,2.021
gpt-5.2,3,2,まゆりは俺に頼るのを諦め、ぶすっと頬を膨らませつつ2人の仲裁に入っていった。 ,correct,2.049
gpt-5.2,3,3,まゆりは俺に頼るのを諦め、ぶすっと頬を膨らませつつ2人の仲裁に入っていった。 ,correct,2.082
gpt-5.2,3,4,まゆりは俺に頼るのを諦め、ぶすっと頬を膨らませつつ2人の仲裁に入っていった。 ,correct,2.094
gpt-5.2,3,5,まゆりは俺に頼るのを諦め、ぶすっと頬を膨らませつつ2人の仲裁に入っていった。 ,correct,2.171
gpt-5.2,3,6,まゆりは俺に頼るのを諦め、ぶすっと頬を膨らませつつ2人の仲裁に入っていった。 ,correct,2.181
gpt-5.2,3,7,まゆりは俺に頼るのを諦め、ぶすっと頬を膨らませつつ2人の仲裁に入っていった。 ,correct,2.260
gpt-5.2,3,8,まゆりは俺に頼るのを諦め、ぶすっと頬を膨らませつつ２人の仲裁に入っていった。 ,correct,2.192
gpt-5.2,3,9,まゆりは俺に頼るのを諦め、ぷすっと頬を膨らませつつ2人の仲裁に入っていった。 ,incorrect,7.345
gpt-5.2,3,10,まゆりは俺に頼るのを諦め、ぷすっと頬を膨らませつつ2人の仲裁に入っていった。 ,incorrect,2.202
gpt-5.2,4,1,闖入者たちも、最初の一言以外、なにも言おうとしない。 ,correct,2.353
gpt-5.2,4,2,闖入者たちも、最初の一言以外、なにも言おうとしない。 ,correct,2.197
gpt-5.2,4,3,闖入者たちも、最初の一言以外、なにも言おうとしない。 ,correct,2.017
gpt-5.2,4,4,闖入者たちも、最初の一言以外、なにも言おうとしない。 ,correct,2.092
gpt-5.2,4,5,闖入者たちも、最初の一言以外、なにも言おうとしない。 ,correct,2.088
gpt-5.2,4,6,闖入者たちも、最初の一言以外、なにも言おうとしない。 ,correct,2.024
gpt-5.2,4,7,闖入者たちも、最初の一言以外、なにも言おうとしない。 ,correct,2.851
gpt-5.2,4,8,闖入者たちも、最初の一言以外、なにも言おうとしない。 ,correct,2.037
gpt-5.2,4,9,闖入者たちも、最初の一言以外、なにも言おうとしない。 ,correct,1.976
gpt-5.2,4,10,闖入者たちも、最初の一言以外、なにも言おうとしない。 ,correct,2.154
gpt-5.2,5,1,「ま、あたしもラボメンにしてもらったとはいえ、所詮は部外者だしねぇ」 ,correct,2.202
gpt-5.2,5,2,「ま、あたしもラボメンにしてもらったとはいえ、所詮は部外者だしねぇ」 ,correct,2.257
gpt-5.2,5,3,「ま、あたしもラボメンにしてもらったとはいえ、所詮は部外者だしねぇ」 ,correct,2.159
gpt-5.2,5,4,「ま、あたしもラボメンにしてもらったとはいえ、所詮は部外者だしねぇ」 ,correct,2.263
gpt-5.2,5,5,「ま、あたしもラボメンにしてもらったとはいえ、所詮は部外者だしねぇ」 ,correct,2.242
gpt-5.2,5,6,「ま、あたしもラボメンにしてもらったとはいえ、所詮は部外者だしねぇ」 ,correct,2.103
gpt-5.2,5,7,「ま、あたしもラボメンにしてもらったとはいえ、所詮は部外者だしねぇ」 ,correct,2.114
gpt-5.2,5,8,「ま、あたしもラボメンにしてもらったとはいえ、所詮は部外者だしねぇ」 ,correct,2.066
gpt-5.2,5,9,「ま、あたしもラボメンにしてもらったとはいえ、所詮は部外者だしねえ」 ,incorrect,2.072
gpt-5.2,5,10,「ま、あたしもラボメンにしてもらったとはいえ、所詮は部外者だしねぇ」 ,correct,2.091
gpt-5.4,1,1,一度言ってしまったら、もう後には退けなかった。 ,correct,6.936
gpt-5.4,1,2,一度言ってしまったら、もう後には退けなかった。 ,correct,1.906
gpt-5.4,1,3,一度言ってしまったら、もう後には退けなかった。 ,correct,1.871
gpt-5.4,1,4,一度言ってしまったら、もう後には退けなかった。 ,correct,1.943
gpt-5.4,1,5,一度言ってしまったら、もう後には退けなかった。 ,correct,1.881
gpt-5.4,1,6,一度言ってしまったら、もう後には退けなかった。 ,correct,2.089
gpt-5.4,1,7,一度言ってしまったら、もう後には退けなかった。 ,correct,1.894
gpt-5.4,1,8,一度言ってしまったら、もう後には退けなかった。 ,correct,1.899
gpt-5.4,1,9,一度言ってしまったら、もう後には退けなかった。 ,correct,2.201
gpt-5.4,1,10,一度言ってしまったら、もう後には退けなかった。 ,correct,7.486
gpt-5.4,2,1,電流でも流されたように、自分の意志に関係なく全身が痙攣し。 ,correct,2.187
gpt-5.4,2,2,電流でも流されたように、自分の意志に関係なく全身が痙攣し。 ,correct,2.202
gpt-5.4,2,3,電流でも流されたように、自分の意志に関係なく全身が痙攣し。 ,correct,2.334
gpt-5.4,2,4,電流でも流されたように、自分の意志に関係なく全身が痙攣し。 ,correct,2.424
gpt-5.4,2,5,電流でも流されたように、自分の意志に関係なく全身が痙攣し。 ,correct,2.106
gpt-5.4,2,6,電流でも流されたように、自分の意志に関係なく全身が痙攣し。 ,correct,2.183
gpt-5.4,2,7,電流でも流されたように、自分の意志に関係なく全身が痙攣し。 ,correct,2.068
gpt-5.4,2,8,電流でも流されたように、自分の意志に関係なく全身が痙攣し。 ,correct,2.200
gpt-5.4,2,9,電流でも流されたように、自分の意志に関係なく全身が痙攣し。 ,correct,2.464
gpt-5.4,2,10,電流でも流されたように、自分の意志に関係なく全身が痙攣し。 ,correct,2.151
gpt-5.4,3,1,まゆりは俺に頼るのを諦め、ぷすっと頬を膨らませつつ２人の仲裁に入っていった。 ,incorrect,2.232
gpt-5.4,3,2,まゆりは俺に頼るのを諦め、ぶすっと頬を膨らませつつ2人の仲裁に入っていった。 ,correct,2.264
gpt-5.4,3,3,まゆりは俺に頼るのを諦め、ぶすっと頬を膨らませつつ2人の仲裁に入っていった。 ,correct,2.515
gpt-5.4,3,4,まゆりは俺に頼るのを諦め、ぷすっと頬を膨らませつつ2人の仲裁に入っていった。 ,incorrect,2.393
gpt-5.4,3,5,まゆりは俺に頼るのを諦め、ぷすっと頬を膨らませつつ２人の仲裁に入っていった。 ,incorrect,2.320
gpt-5.4,3,6,まゆりは俺に頼るのを諦め、ぷすっと頬を膨らませつつ2人の仲裁に入っていった。 ,incorrect,2.327
gpt-5.4,3,7,まゆりは俺に頼るのを諦め、ぶすっと頬を膨らませつつ2人の仲裁に入っていった。 ,correct,2.221
gpt-5.4,3,8,まゆりは俺に頼るのを諦め、ぷすっと頬を膨らませつつ2人の仲裁に入っていった。 ,incorrect,2.291
gpt-5.4,3,9,まゆりは俺に頼るのを諦め、ぶすっと頬を膨らませつつ2人の仲裁に入っていった。 ,correct,2.164
gpt-5.4,3,10,まゆりは俺に頼るのを諦め、ぶすっと頬を膨らませつつ2人の仲裁に入っていった。 ,correct,2.181
gpt-5.4,4,1,闖入者たちも、最初の一言以外、なにも言おうとしない。 ,correct,2.039
gpt-5.4,4,2,闖入者たちも、最初の一言以外、なにも言おうとしない。 ,correct,2.179
gpt-5.4,4,3,闖入者たちも、最初の一言以外、なにも言おうとしない。 ,correct,2.075
gpt-5.4,4,4,闖入者たちも、最初の一言以外、なにも言おうとしない。 ,correct,2.087
gpt-5.4,4,5,闖入者たちも、最初の一言以外、なにも言おうとしない。 ,correct,2.069
gpt-5.4,4,6,闖入者たちも、最初の一言以外、なにも言おうとしない。 ,correct,2.072
gpt-5.4,4,7,闖入者たちも、最初の一言以外、なにも言おうとしない。 ,correct,2.033
gpt-5.4,4,8,闖入者たちも、最初の一言以外、なにも言おうとしない。 ,correct,2.074
gpt-5.4,4,9,闖入者たちも、最初の一言以外、なにも言おうとしない。 ,correct,7.221
gpt-5.4,4,10,闖入者たちも、最初の一言以外、なにも言おうとしない。 ,correct,2.268
gpt-5.4,5,1,「ま、あたしもラボメンにしてもらったとはいえ、所詮は部外者だしねぇ」 ,correct,2.212
gpt-5.4,5,2,「ま、あたしもラボメンにしてもらったとはいえ、所詮は部外者だしねぇ」 ,correct,2.182
gpt-5.4,5,3,「ま、あたしもラボメンにしてもらったとはいえ、所詮は部外者だしねえ」 ,incorrect,2.335
gpt-5.4,5,4,「ま、あたしもラボメンにしてもらったとはいえ、所詮は部外者だしねぇ」 ,correct,2.275
gpt-5.4,5,5,「ま、あたしもラボメンにしてもらったとはいえ、所詮は部外者だしねえ」 ,incorrect,2.316
gpt-5.4,5,6,「ま、あたしもラボメンにしてもらったとはいえ、所詮は部外者だしねぇ」 ,correct,2.222
gpt-5.4,5,7,「ま、あたしもラボメンにしてもらったとはいえ、所詮は部外者だしねぇ」 ,correct,2.161
gpt-5.4,5,8,「ま、あたしもラボメンにしてもらったとはいえ、所詮は部外者だしねえ」 ,incorrect,2.341
gpt-5.4,5,9,「ま、あたしもラボメンにしてもらったとはいえ、所詮は部外者だしねぇ」 ,correct,2.191
gpt-5.4,5,10,「ま、あたしもラボメンにしてもらったとはいえ、所詮は部外者だしねぇ」 ,correct,2.230
gpt-5.4-mini,1,1,一度言ってしまったら、もう後には退けなかった】【。 ,incorrect,1.686
gpt-5.4-mini,1,2,一度言ってしまったら、もう後には退けなかった。 ,correct,1.806
gpt-5.4-mini,1,3,一度言ってしまったら、もう後には退けなかった。 ,correct,1.756
gpt-5.4-mini,1,4,一度言ってしまったら、もう後には退けなかった。 ,correct,1.679
gpt-5.4-mini,1,5,一度言ってしまったら、もう後には退けなかった】【。 ,incorrect,1.801
gpt-5.4-mini,1,6,一度言ってしまったら、もう後には退けなかった】【。 ,incorrect,1.659
gpt-5.4-mini,1,7,一度言ってしまったら、もう後には退けなかった。 ,correct,1.792
gpt-5.4-mini,1,8,一度言ってしまったら、もう後には退けなかった。 ,correct,1.807
gpt-5.4-mini,1,9,一度言ってしまったら、もう後には退けなかった。 ,correct,1.712
gpt-5.4-mini,1,10,一度言ってしまったら、もう後には退けなかった。 ,correct,1.719
gpt-5.4-mini,2,1,電流でも流されたように、自分の意志に関係なく全身が痙攣し。 ,correct,1.799
gpt-5.4-mini,2,2,電流でも流されたように、自分の意志に関係なく全身が痙攣し。 ,correct,1.744
gpt-5.4-mini,2,3,電流でも流されたように、自分の意志に関係なく全身が痙攣し。 ,correct,1.806
gpt-5.4-mini,2,4,電流でも流されたように、自分の意志に関係なく全身が痙攣し。 ,correct,1.745
gpt-5.4-mini,2,5,電流でも流されたように、自分の意志に関係なく全身が痙攣し。 ,correct,2.755
gpt-5.4-mini,2,6,電流でも流されたように、自分の意志に関係なく全身が痙攣し。 ,correct,1.843
gpt-5.4-mini,2,7,電流でも流されたように、自分の意志に関係なく全身が痙攣し。 ,correct,1.831
gpt-5.4-mini,2,8,電流でも流されたように、自分の意志に関係なく全身が痙攣し。 ,correct,3.092
gpt-5.4-mini,2,9,電流でも流されたように、自分の意志に関係なく全身が痙攣し。 ,correct,2.737
gpt-5.4-mini,2,10,電流でも流されたように、自分の意志に関係なく全身が痙攣し。 ,correct,1.792
gpt-5.4-mini,3,1,まゆりは俺に頼るのを諦め、ぶすっと頬を膨らませつつ2人の仲裁に入っていった。 ,correct,1.827
gpt-5.4-mini,3,2,まゆりは俺に頼るのを諦め、ぷすっと頬を膨らませつつ2人の仲裁に入っていった。 ,incorrect,2.011
gpt-5.4-mini,3,3,まゆりは俺に頼るのを諦め、ぶすっと頬を膨らませつつ2人の仲裁に入っていった。 ,correct,1.825
gpt-5.4-mini,3,4,判読不能 ,incorrect,1.781
gpt-5.4-mini,3,5,まゆりは俺に頼るのを諦め、ぶすっと頬を膨らませつつ2人の仲裁に入っていった。 ,correct,1.851
gpt-5.4-mini,3,6,まゆりは俺に頼るのを諦め、ぶすっと頬を膨らませつつ2人の仲裁に入っていった。 ,correct,1.903
gpt-5.4-mini,3,7,まゆりは俺に頼るのを諦め、ぶすっと頬を膨らませつつ2人の仲裁に入っていった。 ,correct,1.805
gpt-5.4-mini,3,8,まゆりは俺に頼るのを諦め、ぷすっと頬を膨らませつつ2人の仲裁に入っていった。 ,incorrect,1.923
gpt-5.4-mini,3,9,まゆりは俺に頼るのを諦め、ぶすっと頬を膨らませつつ2人の仲裁に入っていった。 ,correct,1.857
gpt-5.4-mini,3,10,まゆりは俺に頼るのを諦め、ぶすっと頬を膨らませつつ2人の仲裁に入っていった。 ,correct,2.915
gpt-5.4-mini,4,1,闘入者たちも、最初の一言以外、なにも言おうとしない。 ,incorrect,1.847
gpt-5.4-mini,4,2,闘入者たちも、最初の一言以外、なにも言おうとしない。 ,incorrect,1.879
gpt-5.4-mini,4,3,闘入者たちも、最初の一言以外、なにも言おうとしない。 ,incorrect,1.743
gpt-5.4-mini,4,4,闇購入者たちも、最初の一言以外、なにも言おうとしない】【。 ,incorrect,1.966
gpt-5.4-mini,4,5,購入者たちも、最初の一言以外、なにも言おうとしない。 ,incorrect,1.905
gpt-5.4-mini,4,6,闘入者たちも、最初の一言以外、なにも言おうとしない。 ,incorrect,1.823
gpt-5.4-mini,4,7,購入者たちも、最初の一言以外、なにも言おうとしない】【。 ,incorrect,1.808
gpt-5.4-mini,4,8,闇購入者たちも、最初の一言以外、なにも言おうとしない。 ,incorrect,2.373
gpt-5.4-mini,4,9,闘入者たちも、最初の一言以外、なにも言おうとしない。 ,incorrect,1.800
gpt-5.4-mini,4,10,闖入者たちも、最初の一言以外、なにも言おうとしない。 ,correct,1.803
gpt-5.4-mini,5,1,「ま、あたしもラボメンにしてもらったとはいえ、所詮は部外者だしねぇ」 ,correct,1.970
gpt-5.4-mini,5,2,「ま、あたしもラボメンにしてもらったとはいえ、所詮は部外者だしねえ」 ,incorrect,2.052
gpt-5.4-mini,5,3,「ま、あたしもラボメンにしてもらったとはいえ、所詮は部外者だしねぇ」 ,correct,1.968
gpt-5.4-mini,5,4,「ま、あたしもラボメンにしてもらったとはいえ、所詮は部外者だしねえ」 ,incorrect,1.960
gpt-5.4-mini,5,5,「ま、あたしもラボメンにしてもらったとはいえ、所詮は部外者だしねえ」 ,incorrect,3.429
gpt-5.4-mini,5,6,「ま、あたしもラボメンにしてもらったとはいえ、所詮は部外者だしねぇ」 ,correct,1.880
gpt-5.4-mini,5,7,「ま、あたしもラボメンにしてもらったとはいえ、所詮は部外者だしねえ」 ,incorrect,2.026
gpt-5.4-mini,5,8,「ま、あたしもラボメンにしてもらったとはいえ、所詮は部外者だしねえ」 ,incorrect,1.850
gpt-5.4-mini,5,9,「ま、あたしもラボメンにしてもらったとはいえ、所詮は部外者だしねえ」 ,incorrect,1.936
gpt-5.4-mini,5,10,「ま、あたしもラボメンにしてもらったとはいえ、所詮は部外者だしねぇ」 ,correct,1.829
gpt-5.4-nano,1,1,一度言ってしまったら、もう後には退けなかった。 ,correct,1.715
gpt-5.4-nano,1,2,一度言ってしまったら、もう後には退けなかった。 ,correct,1.645
gpt-5.4-nano,1,3,一度言ってしまったら、もう後には退けなかった。 ,correct,1.680
gpt-5.4-nano,1,4,一度言ってしまったら、もう後には退けなかった。 ,correct,1.706
gpt-5.4-nano,1,5,一度言ってしまったら、もう後には退けなかった。 ,correct,1.746
gpt-5.4-nano,1,6,一度言ってしまったら、もう後には退けなかった。 ,correct,1.748
gpt-5.4-nano,1,7,一度言ってしまったら、もう後には退けなかった。 ,correct,1.762
gpt-5.4-nano,1,8,一度言ってしまったら、もう後には退けなかった。 ,correct,1.778
gpt-5.4-nano,1,9,一度言ってしまったら、もう後には退けなかった。 ,correct,1.805
gpt-5.4-nano,1,10,一度言ってしまったら、もう後には退けなかった。 ,correct,1.774
gpt-5.4-nano,2,1,電流でも流されたように、自分の意志に関係なく全身が脅挟し。 ,incorrect,1.794
gpt-5.4-nano,2,2,電流でも流され たように、自分の意志に関係なく全身が薫牽し。 ,incorrect,1.742
gpt-5.4-nano,2,3,電流でも流されたように、自分の意志に関係なく全身が猛撃し。 ,incorrect,1.864
gpt-5.4-nano,2,4,電流でも流されたように、自分の意志に関係なく全身が掌し。 ,incorrect,1.697
gpt-5.4-nano,2,5,電流でも流され たように、自分の意志に関係なく全身が憧牽し。 ,incorrect,2.093
gpt-5.4-nano,2,6,電流でも流されたように、自分の意志に関係なく全身がし。 ,incorrect,1.871
gpt-5.4-nano,2,7,電池でも流されたように、自分の意志に関係なく全身が猛停し。 ,incorrect,1.906
gpt-5.4-nano,2,8,電流でも流されたように、自分の意志に関係なく全身が猛掌じ。 ,incorrect,1.730
gpt-5.4-nano,2,9,電流でも流されたように、自分の意志に関係なく全身が猛攣し。 ,incorrect,1.851
gpt-5.4-nano,2,10,電流でも流されたように、自分の意志に関係なく全身が猛掌し。 ,incorrect,1.756
gpt-5.4-nano,3,1,まゆりは俺に頼るのを諦め、ぶすっと頬を膨らまさつ2人の仲裁 に入っていった。 ,incorrect,2.001
gpt-5.4-nano,3,2,まゆりは俺に顛るのを誓め、ぶすっと頬を膨らませつつ2人の仲裁 に入っていった。 ,incorrect,1.919
gpt-5.4-nano,3,3,まゆりは俺に頼るのを許め、ぶすっと喚を彷らませつつ2人の仲裁 に入っていった。 ,incorrect,1.911
gpt-5.4-nano,3,4,まゆりは俺に頼るのを諦め、ぶすっと頬を膨らましたつつ2人の仲裁に入っていった。 ,incorrect,1.912
gpt-5.4-nano,3,5,まゆりは俺に頭るのを諦め、ぶずっと頃を騙らませって2人の仲裁に入っていった。 ,incorrect,1.868
gpt-5.4-nano,3,6,まゆりは俺に 頼るのを辞め、ぶすっと頬を膨らましたつつ2人の仲哉 に入っていった。 ,incorrect,1.974
gpt-5.4-nano,3,7,まゆりは俺に頭るのを諦め、ぶすっと頬を膨らませつつ2人の仲裁 に入っていった。 ,incorrect,1.856
gpt-5.4-nano,3,8,まゆりは俺に頼るのを誇め、ぶすっと顔を膨らませつつ2人の仲裁に入っていった。 ,incorrect,1.977
gpt-5.4-nano,3,9,まゆりは俺に頼るのを諦め、ぶずっと頬を膨らませつつ2人の仲裁に入っていった。 ,incorrect,1.932
gpt-5.4-nano,3,10,まゆりは俺に頼るのを諦め、ぶずっと頭を騙らませつつ2人の仲裁 に入っていった。 ,incorrect,1.877
gpt-5.4-nano,4,1,聞入者たちも、最初の一言以外、なにも言おうとしない。 ,incorrect,1.949
gpt-5.4-nano,4,2,闇入者たちも、最初の一言以外、なにも言おうとしない。 ,incorrect,1.820
gpt-5.4-nano,4,3,闇入者たちも、最初の一言以外、なににも言おうとしない。 ,incorrect,1.810
gpt-5.4-nano,4,4,闘入者たちも、最初の一言以外、なにも言おうとしない。 ,incorrect,1.857
gpt-5.4-nano,4,5,闘入者たちも、最初の一言以外、なにも言おうとしない。 ,incorrect,1.804
gpt-5.4-nano,4,6,闘入者たちも、最初の一言以外、なにも言おうとしない。 ,incorrect,1.914
gpt-5.4-nano,4,7,聞入者たちも、最初の一言以外、なにも言おうとしない。 ,incorrect,1.761
gpt-5.4-nano,4,8,聞入者たちも、最初の一言以外、なにも言おうとしない。 ,incorrect,2.097
gpt-5.4-nano,4,9,闇入者たちも、最初の一言以外、なにも言おうとしない。 ,incorrect,1.800
gpt-5.4-nano,4,10,聞入者たちも、最初の一言以外、なにも言おうとしない。 ,incorrect,1.868
gpt-5.4-nano,5,1,「ま、あたしもラボメンにしてもらったとはいえ、所訣は部外者だしねぇ」 ,incorrect,2.525
gpt-5.4-nano,5,2,「ま、あたしもラボメンにしてもらったとはいえ、所託は部外者だしねえ」 ,incorrect,1.802
gpt-5.4-nano,5,3,「ま、あたしもラボメンにしてもらったとはいえ、所訣は部外者だしねぇ」 ,incorrect,1.878
gpt-5.4-nano,5,4,「ま、あたしもラボメンにしてもらったとはいえ、所訣は部外者だしねぇ…」 ,incorrect,1.890
gpt-5.4-nano,5,5,「ま、あたしもラボメンにしてもらったとはいえ、所轄は部外者だしねえ…」 ,incorrect,2.066
gpt-5.4-nano,5,6,「ま、あたしもラボメンにしてもらったとはいえ、所託は部外者だしねえ、」 ,incorrect,1.786
gpt-5.4-nano,5,7,「ま、あたしもラボメンにしてもらったとはいえ、所訓は部外者だしねぇ…」 ,incorrect,1.848
gpt-5.4-nano,5,8,「ま、あたしもラボメンにしてもらったとはいえ、所詮は部外者だしねぇ…」 ,incorrect,1.817
gpt-5.4-nano,5,9,「ま、あたしもラボメンにしてもらったとはいえ、所訓は部外者だしねえ、🧿」 ,incorrect,1.896
gpt-5.4-nano,5,10,「ま、あたしもラボメンにしてもらったとはいえ、所訓は部外者だしねぇ」 ,incorrect,2.135
gemini/gemini-2.5-pro,1,1,一度言ってしまったら、もう後には退けなかった。 ,correct,12.143
gemini/gemini-2.5-pro,1,2,一度言ってしまったら、もう後には退けなかった。 ,correct,12.418
gemini/gemini-2.5-pro,1,3,一度言ってしまったら、もう後には退けなかった。 ,correct,10.127
gemini/gemini-2.5-pro,1,4,一度言ってしまったら、もう後には退けなかった。 ,correct,13.172
gemini/gemini-2.5-pro,1,5,一度言ってしまったら、もう後には退けなかった。 ,correct,7.062
gemini/gemini-2.5-pro,1,6,一度言ってしまったら、もう後には退けなかった。 ,correct,9.607
gemini/gemini-2.5-pro,1,7,一度言ってしまったら、もう後には退けなかった。 ,correct,9.484
gemini/gemini-2.5-pro,1,8,一度言ってしまったら、もう後には退けなかった。 ,correct,10.624
gemini/gemini-2.5-pro,1,9,一度言ってしまったら、もう後には退けなかった。 ,correct,9.049
gemini/gemini-2.5-pro,1,10,一度言ってしまったら、もう後には退けなかった。 ,correct,7.666
gemini/gemini-2.5-pro,2,1,電流でも流されたように、自分の意志に関係なく全身が痙攣し。 ,correct,19.329
gemini/gemini-2.5-pro,2,2,電流でも流されたように、自分の意志に関係なく全身が痙攣し。 ,correct,11.111
gemini/gemini-2.5-pro,2,3,電流でも流されたように、自分の意志に関係なく全身が痙攣し。 ,correct,9.564
gemini/gemini-2.5-pro,2,4,電流でも流されたように、自分の意志に関係なく全身が痙攣し。 ,correct,10.113
gemini/gemini-2.5-pro,2,5,電流でも流されたように、自分の意志に関係なく全身が痙攣し。 ,correct,9.185
gemini/gemini-2.5-pro,2,6,電流でも流されたように、自分の意志に関係なく全身が痙攣し。 ,correct,9.999
gemini/gemini-2.5-pro,2,7,電流でも流されたように、自分の意志に関係なく全身が痙攣し。 ,correct,10.627
gemini/gemini-2.5-pro,2,8,電流でも流されたように、自分の意志に関係なく全身が痙攣し。 ,correct,10.058
gemini/gemini-2.5-pro,2,9,電流でも流されたように、自分の意志に関係なく全身が痙攣し。 ,correct,11.293
gemini/gemini-2.5-pro,2,10,電流でも流されたように、自分の意志に関係なく全身が痙攣し。 ,correct,9.704
gemini/gemini-2.5-pro,3,1,まゆりは俺に頼るのを諦め、ぷすっと頬を膨らませつつ2人の仲裁に入っていった。 ,incorrect,11.631
gemini/gemini-2.5-pro,3,2,まゆりは俺に頼るのを諦め、ぷすっと頬を膨らませつつ2人の仲裁 に入っていった。 ,incorrect,10.034
gemini/gemini-2.5-pro,3,3,まゆりは俺に頼るのを諦め、ぷすっと頰を膨らませつつ2人の仲裁に入っていった。 ,incorrect,10.450
gemini/gemini-2.5-pro,3,4,まゆりは俺に頼るのを諦め、ぷすっと頬を膨らませつつ2人の仲裁に入っていった。 ,incorrect,13.718
gemini/gemini-2.5-pro,3,5,まゆりは俺に頼るのを諦め、ぶすっと頬を膨らませつつ2人の仲裁に入っていた。 ,incorrect,10.584
gemini/gemini-2.5-pro,3,6,まゆりは俺に頼るのを諦め、ぷすっと頬を膨らませつつ2人の仲裁に入っていった。 ,incorrect,8.311
gemini/gemini-2.5-pro,3,7,まゆりは俺に頼るのを諦め、ぷすっと頬を膨らませつつ2人の仲裁 に入っていった。 ,incorrect,14.586
gemini/gemini-2.5-pro,3,8,まゆりは俺に頼るのを諦め、ぷすっと頬を膨らませつつ2人の仲裁に入っていった。 ,incorrect,14.625
gemini/gemini-2.5-pro,3,9,まゆりは俺に頼るのを諦め、ぷすっと頬を膨らませつつ2人の仲裁に入っていった。 ,incorrect,10.565
gemini/gemini-2.5-pro,3,10,まゆりは俺に頼るのを諦め、ぷすっと頬を膨らませつつ2人の仲裁に入っていった。 ,incorrect,12.427
gemini/gemini-2.5-pro,4,1,闖入者たちも、最初の一言以外、なにも言おうとしない。 ,correct,15.307
gemini/gemini-2.5-pro,4,2,闖入者たちも、最初の一言以外、なにも言おうとしない。 ,correct,12.365
gemini/gemini-2.5-pro,4,3,闖入者たちも、最初の一言以外、なにも言おうとしない。 ,correct,10.129
gemini/gemini-2.5-pro,4,4,闖入者たちも、最初の一言以外、なにも言おうとしない。 ,correct,9.398
gemini/gemini-2.5-pro,4,5,闖入者たちも、最初の一言以外、なにも言おうとしない。 ,correct,8.724
gemini/gemini-2.5-pro,4,6,闖入者たちも、最初の一言以外、なにも言おうとしない。 ,correct,11.436
gemini/gemini-2.5-pro,4,7,闖入者たちも、最初の一言以外、なにも言おうとしない。 ,correct,12.069
gemini/gemini-2.5-pro,4,8,闖入者たちも、最初の一言以外、なにも言おうとしない。 ,correct,19.370
gemini/gemini-2.5-pro,4,9,闖入者たちも、最初の一言以外、なにも言おうとしない。 ,correct,13.234
gemini/gemini-2.5-pro,4,10,闖入者たちも、最初の一言以外、なにも言おうとしない。 ,correct,9.147
gemini/gemini-2.5-pro,5,1,「ま、あたしもラボメンにしてもらったとはいえ、所詮は部外者だしねぇ」 ,correct,12.342
gemini/gemini-2.5-pro,5,2,「ま、あたしもラボメンにしてもらったとはいえ、所詮は部外者だし ねぇ」◎ ,incorrect,15.249
gemini/gemini-2.5-pro,5,3,「ま、あたしもラボメンにしてもらったとはいえ、所詮は部外者だしねぇ」 ,correct,9.218
gemini/gemini-2.5-pro,5,4,「ま、あたしもラボメンにしてもらったとはいえ、所詮は部外者だしねぇ」 ,correct,10.073
gemini/gemini-2.5-pro,5,5,「ま、あたしもラボメンにしてもらったとはいえ、所詮は部外者だしねえ」 ,incorrect,11.809
gemini/gemini-2.5-pro,5,6,「ま、あたしもラボメンにしてもらったとはいえ、所詮は部外者だし ねぇ」 ,incorrect,13.732
gemini/gemini-2.5-pro,5,7,「ま、あたしもラボメンにしてもらったとはいえ、所詮は部外者だしねえ」 ,incorrect,15.299
gemini/gemini-2.5-pro,5,8,「ま、あたしもラボメンにしてもらったとはいえ、所詮は部外者だしねぇ」 ,correct,21.187
gemini/gemini-2.5-pro,5,9,「ま、あたしもラボメンにしてもらったとはいえ、所詮は部外者だし ねぇ」 ,incorrect,10.629
gemini/gemini-2.5-pro,5,10,「ま、あたしもラボメンにしてもらったとはいえ、所詮は部外者だし ねぇ」◎ ,incorrect,9.507
gemini/gemini-2.5-flash,1,1,一度言ってしまったら、もう後には退けなかった。 ,correct,4.424
gemini/gemini-2.5-flash,1,2,一度言ってしまったら、もう後には退けなかった。 ,correct,8.608
gemini/gemini-2.5-flash,1,3,一度言ってしまったら、もう後には退けなかった。 ,correct,4.334
gemini/gemini-2.5-flash,1,4,一度言ってしまったら、もう後には退けなかった。 ,correct,3.908
gemini/gemini-2.5-flash,1,5,一度言ってしまったら、もう後には退けなかった。 ,correct,4.966
gemini/gemini-2.5-flash,1,6,一度言ってしまったら、もう後ろには退けなかった。 ,incorrect,5.819
gemini/gemini-2.5-flash,1,7,一度言ってしまったら、もう後には退けなかった。 ,correct,5.697
gemini/gemini-2.5-flash,1,8,一度言ってしまったら、もう後には退けなかった。 ,correct,8.029
gemini/gemini-2.5-flash,1,9,一度言ってしまったら、もう後には退けなかった。 ,correct,8.197
gemini/gemini-2.5-flash,1,10,一度言ってしまったら、もう後には退けなかった。 ,correct,4.726
gemini/gemini-2.5-flash,2,1,電流でも流されたように、自分の意志に関係なく全身が痙攣し。 ,correct,4.814
gemini/gemini-2.5-flash,2,2,電流でも流されたように、自分の意思に関係なく全身が痙攣し。 ,incorrect,7.202
gemini/gemini-2.5-flash,2,3,電流でも流されたように、自分の意思に関係なく全身が痙攣し。 ,incorrect,5.423
gemini/gemini-2.5-flash,2,4,電流でも流されたように、自分の意思に関係なく全身が痙攣し、 ,incorrect,3.530
gemini/gemini-2.5-flash,2,5,電流でも流されたように、自分の意思に関係なく全身が痙攣し。 ,incorrect,6.324
gemini/gemini-2.5-flash,2,6,電流でも流されたように、自分の意思に関係なく全身が痙攣し。 ,incorrect,8.678
gemini/gemini-2.5-flash,2,7,電流でも流されたように、自分の意志に関係なく全身が痙攣し。 ,correct,4.719
gemini/gemini-2.5-flash,2,8,電流でも流されたように、自分の意思に関係なく全身が痙攣し。 ,incorrect,4.433
gemini/gemini-2.5-flash,2,9,電流でも流されたように、自分の意志に関係なく全身が痙攣し。 ,correct,5.736
gemini/gemini-2.5-flash,2,10,電流でも流されたように、自分の意志に関係なく全身が痙攣し。 ,correct,6.229
gemini/gemini-2.5-flash,3,1,まゆりは俺に頼むのを諦め、ぶすっと頬を膨らませつつ２人の仲裁に入っていった。 ,incorrect,7.112
gemini/gemini-2.5-flash,3,2,まゆりは俺に頼るのを諦め、ぶすっと頬を膨らませつつ2人の仲裁 に入っていった。 ,incorrect,6.586
gemini/gemini-2.5-flash,3,3,まゆりは俺に頼るのを諦め、ぶすっと頬を膨らませつつ2人の仲裁に入っていった。 ,correct,3.421
gemini/gemini-2.5-flash,3,4,まゆりは俺に頼るのを諦め、ぶすっと頬を膨らませつつ2人の仲裁 に入っていった。 ,incorrect,4.853
gemini/gemini-2.5-flash,3,5,まゆりは俺に頼るのを諦め、ぶすっと頬を膨らませつつ2人の仲裁 に入っていった。 ,incorrect,4.371
gemini/gemini-2.5-flash,3,6,まゆりは俺に頼るのを諦め、ぶすっと頬を膨らませつつ2人の仲裁 に入っていた。 ,incorrect,3.265
gemini/gemini-2.5-flash,3,7,まゆりは俺に頼るのを諦め、ぷすっと頬を膨らませつつ2人の仲裁に入っていた。 ,incorrect,6.089
gemini/gemini-2.5-flash,3,8,まゆりは俺に頼るのを諦め、ぶすっと頬を膨らませつつ2人の仲裁に入っていった。 ,correct,5.227
gemini/gemini-2.5-flash,3,9,まゆりは俺に頼るのを諦め、ぶすっと頬を膨らませつつ2人の仲裁に入っていった。 ,correct,3.229
gemini/gemini-2.5-flash,3,10,まゆりは俺に頼むのを諦め、ぶすっと頬を膨らませつつ２人の仲裁に入っていった。 ,incorrect,3.015
gemini/gemini-2.5-flash,4,1,闖入者たちも、最初の一言以外、なにも言おうとしない。 ,correct,4.477
gemini/gemini-2.5-flash,4,2,闖入者たちも、最初の一言以外、なにも言おうとしない。 ,correct,4.286
gemini/gemini-2.5-flash,4,3,闖入者たちも、最初の一言以外、なにも言おうとしない。 ,correct,3.748
gemini/gemini-2.5-flash,4,4,闖入者たちも、最初の一言以外、なにも言おうとしない。 ,correct,4.705
gemini/gemini-2.5-flash,4,5,闖入者たちも、最初の一言以外、なにも言おうとしない。 ,correct,5.812
gemini/gemini-2.5-flash,4,6,闖入者たちも、最初の一言以外、なにも言おうとしない。 ,correct,3.456
gemini/gemini-2.5-flash,4,7,闖入者たちも、最初の一言以外、なにも言おうとしない。 ,correct,4.659
gemini/gemini-2.5-flash,4,8,闖入者たちも、最初の一言以外、なにも言おうとしない。 ,correct,4.901
gemini/gemini-2.5-flash,4,9,闖入者たちも、最初の一言以外、なにも言おうとしない。 ,correct,6.012
gemini/gemini-2.5-flash,4,10,闖入者たちも、最初の一言以外、なにも言おうとしない。 ,correct,4.810
gemini/gemini-2.5-flash,5,1,「ま、あたしもラボメンにしてもらったとはいえ、所詮は部外者だし ねえ」⚙️ ,incorrect,3.822
gemini/gemini-2.5-flash,5,2,「ま、あたしもラボメンにしてもらったとはいえ、所詮は部外者だしねえ」⚙️ ,incorrect,4.852
gemini/gemini-2.5-flash,5,3,「ま、あたしもラボメンにしてもらったとはいえ、所詮は部外者だしねぇ」⚙ ,incorrect,3.629
gemini/gemini-2.5-flash,5,4,「ま、あたしもラボメンにしてもらったとはいえ、所詮は部外者だしねえ」 ,incorrect,4.118
gemini/gemini-2.5-flash,5,5,「ま、あたしもラボメンにしてもらったとはいえ、所詮は部外者だし ねえ」◎ ,incorrect,4.309
gemini/gemini-2.5-flash,5,6,「ま、あたしもラボメンにしてもらったとはいえ、所詮は部外者だし ねぇ」⚙ ,incorrect,3.857
gemini/gemini-2.5-flash,5,7,「ま、あたしもラボメンにしてもらったとはいえ、所詮は部外者だし ねえ」◎ ,incorrect,3.374
gemini/gemini-2.5-flash,5,8,「ま、あたしもラボメンにしてもらったとはいえ、所詮は部外者だし ねぇ」⚙ ,incorrect,4.006
gemini/gemini-2.5-flash,5,9,「ま、あたしもラボメンにしてもらったとはいえ、所詮は部外者だし ねえ」 ,incorrect,5.951
gemini/gemini-2.5-flash,5,10,「ま、あたしもラボメンにしてもらったとはいえ、所詮は部外者だしねぇ」🎯 ,incorrect,3.840
gemini/gemini-2.5-flash-lite,1,1,一度言ってしまったら、もう後には退けなかった。 ,correct,4.200
gemini/gemini-2.5-flash-lite,1,2,一度言ってしまったら、もう後には退けなかった。 ,correct,4.472
gemini/gemini-2.5-flash-lite,1,3,一度言ってしまったら、もう後には退けなかった。 ,correct,3.881
gemini/gemini-2.5-flash-lite,1,4,一度言ってしまったら、もう後には退けなかった。 ,correct,2.301
gemini/gemini-2.5-flash-lite,1,5,一度言ってしまったら、もう後には退けなかった。 ,correct,3.240
gemini/gemini-2.5-flash-lite,1,6,一度言ってしまったら、もう後には退けなかった。 ,correct,2.758
gemini/gemini-2.5-flash-lite,1,7,一度言ってしまったら、もう後には退けなかった。 ,correct,3.278
gemini/gemini-2.5-flash-lite,1,8,一度言ってしまったら、もう後には退けなかった。 ,correct,2.324
gemini/gemini-2.5-flash-lite,1,9,一度言ってしまったら、もう後には退けなかった。 ,correct,2.239
gemini/gemini-2.5-flash-lite,1,10,一度言ってしまったら、もう後には退けなかった。 ,correct,2.044
gemini/gemini-2.5-flash-lite,2,1,電流でも流されたように、自分の意志に関係なく全身が痙攣し。 ,correct,4.578
gemini/gemini-2.5-flash-lite,2,2,電流でも流されたように、自分の意志に関係なく全身が痙攣し。 ,correct,4.232
gemini/gemini-2.5-flash-lite,2,3,電流でも流されたように、自分の意志に関係なく全身が痙攣し。 ,correct,2.899
gemini/gemini-2.5-flash-lite,2,4,電流でも流されたように、自分の意志に関係なく全身が痙攣し。 ,correct,5.886
gemini/gemini-2.5-flash-lite,2,5,電流でも流されたように、自分の意志に関係なく全身が痙攣し。 ,correct,5.863
gemini/gemini-2.5-flash-lite,2,6,電流でも流されたように、自分の意志に関係なく全身が痙攣し。 ,correct,4.446
gemini/gemini-2.5-flash-lite,2,7,電流でも流されたように、自分の意志に関係なく全身が痙攣し。 ,correct,5.645
gemini/gemini-2.5-flash-lite,2,8,電流でも流されたように、自分の意志に関係なく全身が痙攣し。 ,correct,7.058
gemini/gemini-2.5-flash-lite,2,9,電流でも流されたように、自分の意志に関係なく全身が痙攣し。 ,correct,9.328
gemini/gemini-2.5-flash-lite,2,10,電流でも流されたように、自分の意志に関係なく全身が痙攣し。 ,correct,4.935
gemini/gemini-2.5-flash-lite,3,1,まゆりは俺に頼るのを諦め、ぶすっと頬を膨らませつつ2人の仲裁に入っていた。 ,incorrect,2.441
gemini/gemini-2.5-flash-lite,3,2,まゆりは俺に頼るのを諦め、ぷすっと頬を膨らませつつ2人の仲裁に入っていた。 ,incorrect,2.384
gemini/gemini-2.5-flash-lite,3,3,まゆりは俺に頼るのを諦め、ぷすっと頬を膨らませつつ2人の仲裁に入っていった。 ,incorrect,2.423
gemini/gemini-2.5-flash-lite,3,4,まゆりは俺に頼るのを諦め、ぷすっと顎を膨らませつつ2人の仲裁に入っていた。 ,incorrect,2.508
gemini/gemini-2.5-flash-lite,3,5,まゆりは俺に頼るのを諦め、ぶすっと頬を膨らませつつ2人の仲裁に入っていた。 ,incorrect,7.596
gemini/gemini-2.5-flash-lite,3,6,まゆりは俺に頼るのを諦め、ぶっすと頬を膨らませつつ2人の仲裁に入っていた。 ,incorrect,2.232
gemini/gemini-2.5-flash-lite,3,7,まゆりは俺に頼るのを諦め、ぶらっと顔を膨らませつつ2人の仲裁に入っていた。 ,incorrect,2.356
gemini/gemini-2.5-flash-lite,3,8,まゆりは俺に頼るのを諦め、ぷすっと頬ずらまかせつつ2人の仲裁に入っていた。 ,incorrect,3.125
gemini/gemini-2.5-flash-lite,3,9,まゆりは俺に頼るのを諦め、ぷすっと頬を膨らませつつ2人の仲裁に入っていた。 ,incorrect,2.509
gemini/gemini-2.5-flash-lite,3,10,まゆりは俺に頼るのを諦め、ぷすっと頬を膨らませつつ2人の仲裁に入っていた。 ,incorrect,2.515
gemini/gemini-2.5-flash-lite,4,1,聞入者たちも、最初の​​一言以外、なにも言おうとしない。 ,incorrect,2.724
gemini/gemini-2.5-flash-lite,4,2,聞人たちも、最初の  一言以外、なにも言おうとしない。 ,incorrect,2.394
gemini/gemini-2.5-flash-lite,4,3,闖入者たちも、最初の、一言以外、なにも言おうとしない。 ,incorrect,3.640
gemini/gemini-2.5-flash-lite,4,4,闖入者たちも、最初の、一言以外、なにも言おうとしない。 ,incorrect,2.693
gemini/gemini-2.5-flash-lite,4,5,聞入者たちも、最初のー言以外、なにも言おうとしない。 ,incorrect,5.351
gemini/gemini-2.5-flash-lite,4,6,闖入者たちも、最初の<bos>>一言以外、なにも言おうとしない。 ,incorrect,3.094
gemini/gemini-2.5-flash-lite,4,7,闖入者たちも、最初の`一`言以外、`な`にも`言`おうと`し`ない。 ,incorrect,2.812
gemini/gemini-2.5-flash-lite,4,8,闖入者たちも、最初のـ一言以外、なにも言おうとしない。 ,incorrect,4.418
gemini/gemini-2.5-flash-lite,4,9,闖入者たちも、最初の 一言以外、なにも言おうとしない。 ,incorrect,3.859
gemini/gemini-2.5-flash-lite,4,10,聞入者たちも、最初の  一言以外、なにも言おうとしない。 ,incorrect,3.856
gemini/gemini-2.5-flash-lite,5,1,「ま、あたしもラボメンにしてもらったとはいえ、所詮は部外者だしねぇ」 ,correct,3.650
gemini/gemini-2.5-flash-lite,5,2,「ま、あたしもラボメンにしてもらったとはいえ、所属は部外者だしねぇ」 ,incorrect,3.806
gemini/gemini-2.5-flash-lite,5,3,「ま、あたしもラボメンにしてもらったとはいえ、所詮は部外者だしねぇ」 ,correct,3.926
gemini/gemini-2.5-flash-lite,5,4,「ま、あたしもラボメンにしてもらったとはいえ、所詮は部外者だしねぇ」◎ ,incorrect,4.160
gemini/gemini-2.5-flash-lite,5,5,「ま、あたしもラボメンにしてもらったとはいえ、所属は部外者だしい」 ,incorrect,3.928
gemini/gemini-2.5-flash-lite,5,6,「ま、あたしもラボメンにしてもらったとはいえ、所属は部外者だしいえ」 ,incorrect,4.076
gemini/gemini-2.5-flash-lite,5,7,「ま、あたしもラボメンにしてもらったとはいえ、所詮は部外者だしねぇ」◎ ,incorrect,3.953
gemini/gemini-2.5-flash-lite,5,8,「ま、あたしもラボメンにしてもらったとはいえ、所詮は部外者だしねぇ」 ,correct,2.659
gemini/gemini-2.5-flash-lite,5,9,「ま、あたしもラボメンにしてもらったとはいえ、所詮は部外者だしねぇ」◎ ,incorrect,8.188
gemini/gemini-2.5-flash-lite,5,10,「ま、あたしもラボメンにしてもらったとはいえ、所詮は部外者だしねぇ」 ,correct,2.609
gemini/gemini-3-pro-preview,1,1,一度言ってしまったら、もう後には退けなかった。 ,correct,9.817
gemini/gemini-3-pro-preview,1,2,一度言ってしまったら、もう後には退けなかった。 ,correct,11.269
gemini/gemini-3-pro-preview,1,3,一度言ってしまったら、もう後には退けなかった。 ,correct,11.224
gemini/gemini-3-pro-preview,1,4,一度言ってしまったら、もう後には退けなかった。 ,correct,9.358
gemini/gemini-3-pro-preview,1,5,一度言ってしまったら、もう後には退けなかった。 ,correct,12.010
gemini/gemini-3-pro-preview,1,6,一度言ってしまったら、もう後には退けなかった。 ,correct,11.616
gemini/gemini-3-pro-preview,1,7,一度言ってしまったら、もう後には退けなかった。 ,correct,16.861
gemini/gemini-3-pro-preview,1,8,一度言ってしまったら、もう後には退けなかった。 ,correct,10.265
gemini/gemini-3-pro-preview,1,9,一度言ってしまったら、もう後には退けなかった。 ,correct,10.057
gemini/gemini-3-pro-preview,1,10,一度言ってしまったら、もう後には退けなかった。 ,correct,11.280
gemini/gemini-3-pro-preview,2,1,電流でも流されたように、自分の意志に関係なく全身が痙攣し。 ,correct,9.631
gemini/gemini-3-pro-preview,2,2,電流でも流されたように、自分の意志に関係なく全身が痙攣し。 ,correct,7.912
gemini/gemini-3-pro-preview,2,3,電流でも流されたように、自分の意志に関係なく全身が痙攣し。 ,correct,10.475
gemini/gemini-3-pro-preview,2,4,電流でも流されたように、自分の意志に関係なく全身が痙攣し。 ,correct,11.271
gemini/gemini-3-pro-preview,2,5,電流でも流されたように、自分の意志に関係なく全身が痙攣し。 ,correct,14.945
gemini/gemini-3-pro-preview,2,6,電流でも流されたように、自分の意志に関係なく全身が痙攣し。 ,correct,9.356
gemini/gemini-3-pro-preview,2,7,電流でも流されたように、自分の意志に関係なく全身が痙攣し。 ,correct,9.663
gemini/gemini-3-pro-preview,2,8,電流でも流されたように、自分の意志に関係なく全身が痙攣し。 ,correct,12.094
gemini/gemini-3-pro-preview,2,9,電流でも流されたように、自分の意志に関係なく全身が痙攣し。 ,correct,10.920
gemini/gemini-3-pro-preview,2,10,電流でも流されたように、自分の意志に関係なく全身が痙攣し。 ,correct,9.811
gemini/gemini-3-pro-preview,3,1,まゆりは俺に頼るのを諦め、ぶすっと頬を膨らませつつ2人の仲裁 に入っていった。 ,incorrect,19.532
gemini/gemini-3-pro-preview,3,2,まゆりは俺に頼るのを諦め、ぶすっと頬を膨らませつつ2人の仲裁に入っていった。 ,correct,15.720
gemini/gemini-3-pro-preview,3,3,まゆりは俺に頼るのを諦め、ぶすっと頬を膨らませつつ2人の仲裁 に入っていった。 ,incorrect,19.869
gemini/gemini-3-pro-preview,3,4,まゆりは俺に頼るのを諦め、ぶすっと頬を膨らませつつ2人の仲裁 に入っていった。 ,incorrect,9.457
gemini/gemini-3-pro-preview,3,5,まゆりは俺に頼るのを諦め、ぶすっと頬を膨らませつつ2人の仲裁に入っていった。 ,correct,12.885
gemini/gemini-3-pro-preview,3,6,まゆりは俺に頼るのを諦め、ぶすっと頬を膨らませつつ2人の仲裁に入っていった。 ,correct,8.808
gemini/gemini-3-pro-preview,3,7,まゆりは俺に頼るのを諦め、ぶすっと頬を膨らませつつ2人の仲裁に入っていった。 ,correct,19.088
gemini/gemini-3-pro-preview,3,8,まゆりは俺に頼るのを諦め、ぶすっと頬を膨らませつつ2人の仲裁 に入っていった。 ,incorrect,11.915
gemini/gemini-3-pro-preview,3,9,まゆりは俺に頼るのを諦め、ぶすっと頬を膨らませつつ2人の仲裁 に入っていった。 ,incorrect,12.614
gemini/gemini-3-pro-preview,3,10,まゆりは俺に頼るのを諦め、ぶすっと頬を膨らませつつ2人の仲裁 に入っていった。 ,incorrect,14.339
gemini/gemini-3-pro-preview,4,1,闖入者たちも、最初の一言以外、なにも言おうとしない。 ,correct,10.687
gemini/gemini-3-pro-preview,4,2,闖入者たちも、最初の一言以外、なにも言おうとしない。 ,correct,9.447
gemini/gemini-3-pro-preview,4,3,闖入者たちも、最初の一言以外、なにも言おうとしない。 ,correct,9.245
gemini/gemini-3-pro-preview,4,4,闖入者たちも、最初の一言以外、なにも言おうとしない。 ,correct,14.196
gemini/gemini-3-pro-preview,4,5,闖入者たちも、最初の一言以外、なにも言おうとしない。 ,correct,10.740
gemini/gemini-3-pro-preview,4,6,闖入者たちも、最初の一言以外、なにも言おうとしない。 ,correct,10.006
gemini/gemini-3-pro-preview,4,7,闖入者たちも、最初の一言以外、なにも言おうとしない。 ,correct,12.355
gemini/gemini-3-pro-preview,4,8,闖入者たちも、最初の一言以外、なにも言おうとしない。 ,correct,11.180
gemini/gemini-3-pro-preview,4,9,闖入者たちも、最初の一言以外、なにも言おうとしない。 ,correct,11.459
gemini/gemini-3-pro-preview,4,10,闖入者たちも、最初の一言以外、なにも言おうとしない。 ,correct,9.752
gemini/gemini-3-pro-preview,5,1,「ま、あたしもラボメンにしてもらったとはいえ、所詮は部外者だし ねえ」 ,incorrect,4.176
gemini/gemini-3-pro-preview,5,2,「ま、あたしもラボメンにしてもらったとはいえ、所詮は部外者だしねえ」 ,incorrect,20.424
gemini/gemini-3-pro-preview,5,3,「ま、あたしもラボメンにしてもらったとはいえ、所詮は部外者だしねえ」 ,incorrect,52.406
gemini/gemini-3-pro-preview,5,4,「ま、あたしもラボメンにしてもらったとはいえ、所詮は部外者だし ねえ」 ,incorrect,12.380
gemini/gemini-3-pro-preview,5,5,「ま、あたしもラボメンにしてもらったとはいえ、所詮は部外者だしねぇ」 ,correct,35.012
gemini/gemini-3-pro-preview,5,6,「ま、あたしもラボメンにしてもらったとはいえ、所詮は部外者だし ねぇ」 ,incorrect,12.873
gemini/gemini-3-pro-preview,5,7,「ま、あたしもラボメンにしてもらったとはいえ、所詮は部外者だし ねえ」 ,incorrect,15.194
gemini/gemini-3-pro-preview,5,8,「ま、あたしもラボメンにしてもらったとはいえ、所詮は部外者だし ねえ」 ,incorrect,11.371
gemini/gemini-3-pro-preview,5,9,「ま、あたしもラボメンにしてもらったとはいえ、所詮は部外者だし ねぇ」 ,incorrect,34.122
gemini/gemini-3-pro-preview,5,10,「ま、あたしもラボメンにしてもらったとはいえ、所詮は部外者だし ねぇ」 ,incorrect,39.533
gemini/gemini-3-flash-preview,1,1,一度言ってしまったら、もう後には退けなかった。 ,correct,4.780
gemini/gemini-3-flash-preview,1,2,一度言ってしまったら、もう後には退けなかった。 ,correct,3.072
gemini/gemini-3-flash-preview,1,3,一度言ってしまったら、もう後には退けなかった。 ,correct,4.198
gemini/gemini-3-flash-preview,1,4,一度言ってしまったら、もう後には退けなかった。 ,correct,4.455
gemini/gemini-3-flash-preview,1,5,一度言ってしまったら、もう後には退けなかった。 ,correct,3.980
gemini/gemini-3-flash-preview,1,6,一度言ってしまったら、もう後には退けなかった。 ,correct,6.063
gemini/gemini-3-flash-preview,1,7,一度言ってしまったら、もう後には退けなかった。 ,correct,4.950
gemini/gemini-3-flash-preview,1,8,一度言ってしまったら、もう後には退けなかった。 ,correct,4.052
gemini/gemini-3-flash-preview,1,9,一度言ってしまったら、もう後には退けなかった。 ,correct,4.495
gemini/gemini-3-flash-preview,1,10,一度言ってしまったら、もう後には退けなかった。 ,correct,3.924
gemini/gemini-3-flash-preview,2,1,電流でも流されたように、自分の意志に関係なく全身が痙攣し。 ,correct,5.492
gemini/gemini-3-flash-preview,2,2,電流でも流されたように、自分の意志に関係なく全身が痙攣し。 ,correct,5.773
gemini/gemini-3-flash-preview,2,3,電流でも流されたように、自分の意志に関係なく全身が痙攣し。 ,correct,4.405
gemini/gemini-3-flash-preview,2,4,電流でも流されたように、自分の意志に関係なく全身が痙攣し。 ,correct,4.824
gemini/gemini-3-flash-preview,2,5,電流でも流されたように、自分の意志に関係なく全身が痙攣し。 ,correct,4.441
gemini/gemini-3-flash-preview,2,6,電流でも流されたように、自分の意志に関係なく全身が痙攣し。 ,correct,4.707
gemini/gemini-3-flash-preview,2,7,電流でも流されたように、自分の意志に関係なく全身が痙攣し。 ,correct,4.861
gemini/gemini-3-flash-preview,2,8,電流でも流されたように、自分の意志に関係なく全身が痙攣し。 ,correct,6.575
gemini/gemini-3-flash-preview,2,9,電流でも流されたように、自分の意志に関係なく全身が痙攣し。 ,correct,4.630
gemini/gemini-3-flash-preview,2,10,電流でも流されたように、自分の意志に関係なく全身が痙攣し。 ,correct,5.041
gemini/gemini-3-flash-preview,3,1,まゆりは俺に頼るのを諦め、ぶすっと頬を膨らませつつ2人の仲裁に入っていった。 ,correct,6.154
gemini/gemini-3-flash-preview,3,2,まゆりは俺に頼るのを諦め、ぶすっと頬を膨らませつつ2人の仲裁 に入っていった。 ,incorrect,4.365
gemini/gemini-3-flash-preview,3,3,まゆりは俺に頼るのを諦め、ぶすっと頬を膨らませつつ2人の仲裁 に入っていった。 ,incorrect,5.715
gemini/gemini-3-flash-preview,3,4,まゆりは俺に頼るのを諦め、ぶすっと頬を膨らませつつ2人の仲裁に入っていった。 ,correct,4.698
gemini/gemini-3-flash-preview,3,5,まゆりは俺に頼るのを諦め、ぶすっと頬を膨らませつつ2人の仲裁 に入っていった。 ,incorrect,4.145
gemini/gemini-3-flash-preview,3,6,まゆりは俺に頼るのを諦め、ぶすっと頬を膨らませつつ2人の仲裁 に入っていった。 ,incorrect,4.193
gemini/gemini-3-flash-preview,3,7,まゆりは俺に頼るのを諦め、ぶすっと頬を膨らませつつ2人の仲裁 に入っていった。 ,incorrect,5.629
gemini/gemini-3-flash-preview,3,8,まゆりは俺に頼るのを諦め、ぶすっと頬を膨らませつつ2人の仲裁 に入っていった。 ,incorrect,7.298
gemini/gemini-3-flash-preview,3,9,まゆりは俺に頼るのを諦め、ぶすっと頬を膨らませつつ2人の仲裁 に入っていった。 ,incorrect,6.182
gemini/gemini-3-flash-preview,3,10,まゆりは俺に頼るのを諦め、ぶすっと頬を膨らませつつ2人の仲裁 に入っていった。 ,incorrect,8.124
gemini/gemini-3-flash-preview,4,1,闖入者たちも、最初の一言以外、なにも言おうとしない。 ,correct,6.275
gemini/gemini-3-flash-preview,4,2,闖入者たちも、最初の一言以外、なにも言おうとしない。 ,correct,15.232
gemini/gemini-3-flash-preview,4,3,闖入者たちも、最初の一言以外、なにも言おうとしない。 ,correct,4.491
gemini/gemini-3-flash-preview,4,4,闖入者たちも、最初の一言以外、なにも言おうとしない。 ,correct,6.373
gemini/gemini-3-flash-preview,4,5,闖入者たちも、最初の一言以外、なにも言おうとしない。 ,correct,5.244
gemini/gemini-3-flash-preview,4,6,闖入者たちも、最初の一言以外、なにも言おうとしない。 ,correct,7.447
gemini/gemini-3-flash-preview,4,7,闖入者たちも、最初の一言以外、なにも言おうとしない。 ,correct,6.683
gemini/gemini-3-flash-preview,4,8,闖入者たちも、最初の一言以外、なにも言おうとしない。 ,correct,6.687
gemini/gemini-3-flash-preview,4,9,闖入者たちも、最初の一言以外、なにも言おうとしない。 ,correct,8.087
gemini/gemini-3-flash-preview,4,10,闖入者たちも、最初の一言以外、なにも言おうとしない。 ,correct,5.219
gemini/gemini-3-flash-preview,5,1,「ま、あたしもラボメンにしてもらったとはいえ、所詮は部外者だし ねえ」 ,incorrect,6.313
gemini/gemini-3-flash-preview,5,2,「ま、あたしもラボメンにしてもらったとはいえ、所詮は部外者だし ねえ」 ,incorrect,6.609
gemini/gemini-3-flash-preview,5,3,「ま、あたしもラボメンにしてもらったとはいえ、所詮は部外者だし ねえ」 ,incorrect,4.703
gemini/gemini-3-flash-preview,5,4,「ま、あたしもラボメンにしてもらったとはいえ、所詮は部外者だし ねえ」 ,incorrect,5.326
gemini/gemini-3-flash-preview,5,5,「ま、あたしもラボメンにしてもらったとはいえ、所詮は部外者だしねえ」 ,incorrect,4.885
gemini/gemini-3-flash-preview,5,6,「ま、あたしもラボメンにしてもらったとはいえ、所詮は部外者だし ねえ」 ,incorrect,5.594
gemini/gemini-3-flash-preview,5,7,「ま、あたしもラボメンにしてもらったとはいえ、所詮は部外者だし ねえ」 ,incorrect,7.037
gemini/gemini-3-flash-preview,5,8,「ま、あたしもラボメンにしてもらったとはいえ、所詮は部外者だしねえ」 ,incorrect,8.679
gemini/gemini-3-flash-preview,5,9,「ま、あたしもラボメンにしてもらったとはいえ、所詮は部外者だし ねえ」 ,incorrect,4.938
gemini/gemini-3-flash-preview,5,10,「ま、あたしもラボメンにしてもらったとはいえ、所詮は部外者だし ねえ」 ,incorrect,4.712
gemini/gemini-3.1-pro-preview,1,1,一度言ってしまったら、もう後には退けなかった。 ,correct,10.640
gemini/gemini-3.1-pro-preview,1,2,一度言ってしまったら、もう後には退けなかった。 ,correct,9.200
gemini/gemini-3.1-pro-preview,1,3,一度言ってしまったら、もう後には退けなかった。 ,correct,6.793
gemini/gemini-3.1-pro-preview,1,4,一度言ってしまったら、もう後には退けなかった。 ,correct,10.439
gemini/gemini-3.1-pro-preview,1,5,一度言ってしまったら、もう後には退けなかった。 ,correct,8.189
gemini/gemini-3.1-pro-preview,1,6,一度言ってしまったら、もう後には退けなかった。 ,correct,11.866
gemini/gemini-3.1-pro-preview,1,7,一度言ってしまったら、もう後には退けなかった。 ,correct,14.142
gemini/gemini-3.1-pro-preview,1,8,一度言ってしまったら、もう後には退けなかった。 ,correct,9.194
gemini/gemini-3.1-pro-preview,1,9,一度言ってしまったら、もう後には退けなかった。 ,correct,10.816
gemini/gemini-3.1-pro-preview,1,10,一度言ってしまったら、もう後には退けなかった。 ,correct,11.128
gemini/gemini-3.1-pro-preview,2,1,電流でも流されたように、自分の意志に関係なく全身が痙攣し。 ,correct,8.424
gemini/gemini-3.1-pro-preview,2,2,電流でも流されたように、自分の意志に関係なく全身が痙攣し。 ,correct,12.835
gemini/gemini-3.1-pro-preview,2,3,電流でも流されたように、自分の意志に関係なく全身が痙攣し。 ,correct,10.805
gemini/gemini-3.1-pro-preview,2,4,電流でも流されたように、自分の意志に関係なく全身が痙攣し。 ,correct,9.962
gemini/gemini-3.1-pro-preview,2,5,電流でも流されたように、自分の意志に関係なく全身が痙攣し。 ,correct,8.595
gemini/gemini-3.1-pro-preview,2,6,電流でも流されたように、自分の意志に関係なく全身が痙攣し。 ,correct,14.774
gemini/gemini-3.1-pro-preview,2,7,電流でも流されたように、自分の意志に関係なく全身が痙攣し。 ,correct,8.665
gemini/gemini-3.1-pro-preview,2,8,電流でも流されたように、自分の意志に関係なく全身が痙攣し。 ,correct,10.707
gemini/gemini-3.1-pro-preview,2,9,電流でも流されたように、自分の意志に関係なく全身が痙攣し。 ,correct,9.882
gemini/gemini-3.1-pro-preview,2,10,電流でも流されたように、自分の意志に関係なく全身が痙攣し。 ,correct,11.401
gemini/gemini-3.1-pro-preview,3,1,まゆりは俺に頼るのを諦め、ぶすっと頬を膨らませつつ2人の仲裁 に入っていった。 ,incorrect,18.526
gemini/gemini-3.1-pro-preview,3,2,まゆりは俺に頼るのを諦め、ぶすっと頬を膨らませつつ2人の仲裁 に入っていった。 ,incorrect,12.894
gemini/gemini-3.1-pro-preview,3,3,まゆりは俺に頼るのを諦め、ぶすっと頬を膨らませつつ2人の仲裁 に入っていった。 ,incorrect,13.660
gemini/gemini-3.1-pro-preview,3,4,まゆりは俺に頼るのを諦め、ぶすっと頬を膨らませつつ2人の仲裁 に入っていった。 ,incorrect,11.870
gemini/gemini-3.1-pro-preview,3,5,まゆりは俺に頼るのを諦め、ぶすっと頬を膨らませつつ2人の仲裁に入っていった。 ,correct,9.168
gemini/gemini-3.1-pro-preview,3,6,まゆりは俺に頼るのを諦め、ぶすっと頬を膨らませつつ2人の仲裁に入っていった。 ,correct,8.831
gemini/gemini-3.1-pro-preview,3,7,まゆりは俺に頼るのを諦め、ぶすっと頬を膨らませつつ2人の仲裁 に入っていった。 ,incorrect,12.205
gemini/gemini-3.1-pro-preview,3,8,まゆりは俺に頼るのを諦め、ぶすっと頬を膨らませつつ2人の仲裁に入っていった。 ,correct,19.016
gemini/gemini-3.1-pro-preview,3,9,まゆりは俺に頼るのを諦め、ぶすっと頬を膨らませつつ2人の仲裁 に入っていった。 ,incorrect,20.438
gemini/gemini-3.1-pro-preview,3,10,まゆりは俺に頼るのを諦め、ぶすっと頬を膨らませつつ2人の仲裁に入っていった。 ,correct,15.401
gemini/gemini-3.1-pro-preview,4,1,闖入者たちも、最初の一言以外、なにも言おうとしない。 ,correct,10.887
gemini/gemini-3.1-pro-preview,4,2,闖入者たちも、最初の一言以外、なにも言おうとしない。 ,correct,9.967
gemini/gemini-3.1-pro-preview,4,3,闖入者たちも、最初の一言以外、なにも言おうとしない。 ,correct,8.511
gemini/gemini-3.1-pro-preview,4,4,闖入者たちも、最初の一言以外、なにも言おうとしない。 ,correct,10.955
gemini/gemini-3.1-pro-preview,4,5,闖入者たちも、最初の一言以外、なにも言おうとしない。 ,correct,8.480
gemini/gemini-3.1-pro-preview,4,6,闖入者たちも、最初の一言以外、なにも言おうとしない。 ,correct,11.994
gemini/gemini-3.1-pro-preview,4,7,闖入者たちも、最初の一言以外、なにも言おうとしない。 ,correct,9.632
gemini/gemini-3.1-pro-preview,4,8,闖入者たちも、最初の一言以外、なにも言おうとしない。 ,correct,8.744
gemini/gemini-3.1-pro-preview,4,9,闖入者たちも、最初の一言以外、なにも言おうとしない。 ,correct,11.628
gemini/gemini-3.1-pro-preview,4,10,闖入者たちも、最初の一言以外、なにも言おうとしない。 ,correct,13.523
gemini/gemini-3.1-pro-preview,5,1,「ま、あたしもラボメンにしてもらったとはいえ、所詮は部外者だし ねえ」 ,incorrect,13.942
gemini/gemini-3.1-pro-preview,5,2,「ま、あたしもラボメンにしてもらったとはいえ、所詮は部外者だしねえ」 ,incorrect,26.189
gemini/gemini-3.1-pro-preview,5,3,「ま、あたしもラボメンにしてもらったとはいえ、所詮は部外者だし ねぇ」 ,incorrect,3.751
gemini/gemini-3.1-pro-preview,5,4,「ま、あたしもラボメンにしてもらったとはいえ、所詮は部外者だし ねぇ」 ,incorrect,14.616
gemini/gemini-3.1-pro-preview,5,5,「ま、あたしもラボメンにしてもらったとはいえ、所詮は部外者だし ねぇ」 ,incorrect,13.481
gemini/gemini-3.1-pro-preview,5,6,「ま、あたしもラボメンにしてもらったとはいえ、所詮は部外者だしねぇ」 ,correct,7.880
gemini/gemini-3.1-pro-preview,5,7,「ま、あたしもラボメンにしてもらったとはいえ、所詮は部外者だし ねえ」 ,incorrect,15.813
gemini/gemini-3.1-pro-preview,5,8,「ま、あたしもラボメンにしてもらったとはいえ、所詮は部外者だし ねえ」 ,incorrect,19.595
gemini/gemini-3.1-pro-preview,5,9,「ま、あたしもラボメンにしてもらったとはいえ、所詮は部外者だし ねえ」 ,incorrect,35.937
gemini/gemini-3.1-pro-preview,5,10,「ま、あたしもラボメンにしてもらったとはいえ、所詮は部外者だし ねえ」 ,incorrect,11.437
anthropic/claude-opus-4-0,1,1,一度言ってしまったら、もう後には退けなかった。 ,correct,4.977
anthropic/claude-opus-4-0,1,2,一度言ってしまったら、もう後には退けなかった。 ,correct,3.836
anthropic/claude-opus-4-0,1,3,一度言ってしまったら、もう後には退けなかった。 ,correct,3.680
anthropic/claude-opus-4-0,1,4,一度言ってしまったら、もう後には退けなかった。 ,correct,3.513
anthropic/claude-opus-4-0,1,5,一度言ってしまったら、もう後には退けなかった。 ,correct,4.249
anthropic/claude-opus-4-0,1,6,一度言ってしまったら、もう後には退けなかった。 ,correct,3.536
anthropic/claude-opus-4-0,1,7,一度言ってしまったら、もう後には退けなかった。 ,correct,3.701
anthropic/claude-opus-4-0,1,8,一度言ってしまったら、もう後には退けなかった。 ,correct,3.751
anthropic/claude-opus-4-0,1,9,一度言ってしまったら、もう後には退けなかった。 ,correct,4.369
anthropic/claude-opus-4-0,1,10,一度言ってしまったら、もう後には退けなかった。 ,correct,3.484
anthropic/claude-opus-4-0,2,1,電流でも流されたように、自分の意志に関係なく全身が痙攣し。 ,correct,4.506
anthropic/claude-opus-4-0,2,2,電流でも流されたように、自分の意志に関係なく全身が痙攣し。 ,correct,4.225
anthropic/claude-opus-4-0,2,3,電流でも流されたように、自分の意志に関係なく全身が痙攣し。 ,correct,4.292
anthropic/claude-opus-4-0,2,4,電流でも流されたように、自分の意志に関係なく全身が痙攣し。 ,correct,4.394
anthropic/claude-opus-4-0,2,5,電流でも流されたように、自分の意志に関係なく全身が痙攣し。 ,correct,4.697
anthropic/claude-opus-4-0,2,6,電流でも流されたように、自分の意志に関係なく全身が痙攣し。 ,correct,4.609
anthropic/claude-opus-4-0,2,7,電流でも流されたように、自分の意志に関係なく全身が痙攣し。 ,correct,4.762
anthropic/claude-opus-4-0,2,8,電流でも流されたように、自分の意志に関係なく全身が痙攣し。 ,correct,6.328
anthropic/claude-opus-4-0,2,9,電流でも流されたように、自分の意志に関係なく全身が痙攣し。 ,correct,4.609
anthropic/claude-opus-4-0,2,10,電流でも流されたように、自分の意志に関係なく全身が痙攣し。 ,correct,4.462
anthropic/claude-opus-4-0,3,1,まゆりは俺に頼るのを諦め、ふすっと頬を膨らませつつ2人の仲裁に入っていった。 ,incorrect,4.740
anthropic/claude-opus-4-0,3,2,まゆりは俺に頼るのを諦め、ぷすっと頬を膨らませつつ2人の仲裁に入っていった。 ,incorrect,5.548
anthropic/claude-opus-4-0,3,3,まゆりは俺に頼るのを諦め、ふすっと頬を膨らませつつ2人の仲裁に入っていった。 ,incorrect,4.706
anthropic/claude-opus-4-0,3,4,まゆりは俺に頼るのを諦め、ふすっと頬を膨らませつつ2人の仲裁に入っていった。 ,incorrect,5.072
anthropic/claude-opus-4-0,3,5,まゆりは俺に頼るのを諦め、ふすっと頬を膨らませつつ2人の仲裁に入っていった。 ,incorrect,4.810
anthropic/claude-opus-4-0,3,6,まゆりは俺に頼るのを諦め、ふすっと頬を膨らませつつ2人の仲裁に入っていった。 ,incorrect,4.987
anthropic/claude-opus-4-0,3,7,まゆりは俺に頼るのを諦め、ふすっと頬を膨らませつつ2人の仲裁に入っていった。 ,incorrect,4.914
anthropic/claude-opus-4-0,3,8,まゆりは俺に頼るのを諦め、ふすっと頬を膨らませつつ2人の仲裁に入っていった。 ,incorrect,4.791
anthropic/claude-opus-4-0,3,9,まゆりは俺に頼るのを諦め、ふすっと頬を膨らませつつ2人の仲裁に入っていった。 ,incorrect,4.913
anthropic/claude-opus-4-0,3,10,まゆりは俺に頼るのを諦め、ふすっと頬を膨らませつつ2人の仲裁に入っていった。 ,incorrect,4.983
anthropic/claude-opus-4-0,4,1,闘入者たちも、最初の一言以外、なにも言おうとしない。 ,incorrect,4.043
anthropic/claude-opus-4-0,4,2,闘入者たちも、最初の一言以外、なにも言おうとしない。 ,incorrect,4.194
anthropic/claude-opus-4-0,4,3,闇入者たちも、最初の一言以外、なにも言おうとしない。 ,incorrect,4.117
anthropic/claude-opus-4-0,4,4,闘入者たちも、最初の一言以外、なにも言おうとしない。 ,incorrect,4.077
anthropic/claude-opus-4-0,4,5,闘入者たちも、最初の一言以外、なにも言おうとしない。 ,incorrect,4.860
anthropic/claude-opus-4-0,4,6,闇入者たちも、最初の一言以外、なにも言おうとしない。 ,incorrect,4.206
anthropic/claude-opus-4-0,4,7,闘入者たちも、最初の一言以外、なにも言おうとしない。 ,incorrect,4.255
anthropic/claude-opus-4-0,4,8,闇入者たちも、最初の一言以外、なにも言おうとしない。 ,incorrect,3.950
anthropic/claude-opus-4-0,4,9,闘入者たちも、最初の一言以外、なにも言おうとしない。 ,incorrect,4.035
anthropic/claude-opus-4-0,4,10,闘入者たちも、最初の一言以外、なにも言おうとしない。 ,incorrect,4.157
anthropic/claude-opus-4-0,5,1,ま、あたしもラボメンにしてもらったとはいえ、所詮は部外者だしね。 ,incorrect,4.810
anthropic/claude-opus-4-0,5,2,ま、あたしもラボメンにしてもらったとはいえ、所詮は部外者だしね。 ,incorrect,6.654
anthropic/claude-opus-4-0,5,3,ま、あたしもラボメンにしてもらったとはいえ、所詮は部外者だしね。 ,incorrect,4.113
anthropic/claude-opus-4-0,5,4,ま、あたしもラボメンにしてもらったとはいえ、所詮は部外者だしね。 ,incorrect,4.400
anthropic/claude-opus-4-0,5,5,ま、あたしもラボメンにしてもらったとはいえ、所詮は部外者だしね。 ,incorrect,4.319
anthropic/claude-opus-4-0,5,6,ま、あたしもラボメンにしてもらったとはいえ、所詮は部外者だしね。 ,incorrect,4.469
anthropic/claude-opus-4-0,5,7,ま、あたしもラボメンにしてもらったとはいえ、所詮は部外者だしね。 ,incorrect,4.673
anthropic/claude-opus-4-0,5,8,ま、あたしもラボメンにしてもらったとはいえ、所詮は部外者だしね。 ,incorrect,4.344
anthropic/claude-opus-4-0,5,9,ま、あたしもラボメンにしてもらったとはいえ、所詮は部外者だしね。 ,incorrect,3.861
anthropic/claude-opus-4-0,5,10,ま、あたしもラボメンにしてもらったとはいえ、所詮は部外者だしね。 ,incorrect,4.260
anthropic/claude-sonnet-4-0,1,1,一度言ってしまったら、もう後には退けなかった。 ,correct,4.142
anthropic/claude-sonnet-4-0,1,2,一度言ってしまったら、もう後には退けなかった。 ,correct,3.620
anthropic/claude-sonnet-4-0,1,3,一度言ってしまったら、もう後には退けなかった。 ,correct,3.220
anthropic/claude-sonnet-4-0,1,4,一度言ってしまったら、もう後には退けなかった。 ,correct,3.681
anthropic/claude-sonnet-4-0,1,5,一度言ってしまったら、もう後には退けなかった。 ,correct,3.094
anthropic/claude-sonnet-4-0,1,6,一度言ってしまったら、もう後には退けなかった。 ,correct,3.020
anthropic/claude-sonnet-4-0,1,7,一度言ってしまったら、もう後には退けなかった。 ,correct,3.254
anthropic/claude-sonnet-4-0,1,8,一度言ってしまったら、もう後には退けなかった。 ,correct,2.869
anthropic/claude-sonnet-4-0,1,9,一度言ってしまったら、もう後には退けなかった。 ,correct,3.086
anthropic/claude-sonnet-4-0,1,10,一度言ってしまったら、もう後には退けなかった。 ,correct,3.140
anthropic/claude-sonnet-4-0,2,1,電流でも流されたように、自分の意志に関係なく全身が痙攣し。 ,correct,3.581
anthropic/claude-sonnet-4-0,2,2,電流でも流されたように、白分の意志に関係なく全身が痙攣。 ,incorrect,3.986
anthropic/claude-sonnet-4-0,2,3,電流でも流されたように、自分の意志に関係なく全身が痙攣。 ,incorrect,3.091
anthropic/claude-sonnet-4-0,2,4,電流でも流されたように、自分の意志に関係なく全身が痙攣し。 ,correct,3.974
anthropic/claude-sonnet-4-0,2,5,電流でも流されたように、自分の意志に関係なく全身が痙攣。 ,incorrect,4.292
anthropic/claude-sonnet-4-0,2,6,電流でも流されたように、自分の意志に関係なく全身が痙攣し。 ,correct,4.539
anthropic/claude-sonnet-4-0,2,7,電流でも流されたように、自分の意志に関係なく全身が痙攣う。 ,incorrect,4.481
anthropic/claude-sonnet-4-0,2,8,電流でも流されたように、自分の意志に関係なく全身が痙攣。 ,incorrect,3.414
anthropic/claude-sonnet-4-0,2,9,電流でも流されたように、自分の意志に関係なく全身が痙攣し。 ,correct,4.377
anthropic/claude-sonnet-4-0,2,10,電流でも流されたように、自分の意志に関係なく全身が痙攣し。 ,correct,3.317
anthropic/claude-sonnet-4-0,3,1,まゆりは俺に頼るのを諦め、ふたつと頬を膨らませつつ2人の仲裁に入っていった。 ,incorrect,4.079
anthropic/claude-sonnet-4-0,3,2,まゆりは俺に頼るのを諦め、ふたつと頬を膨らませつつ2人の仲裁に入っていった。 ,incorrect,4.173
anthropic/claude-sonnet-4-0,3,3,まゆりは俺に頼るのを諦め、ふたすっと頬を膨らませつつ2人の仲裁に入っていった。 ,incorrect,4.678
anthropic/claude-sonnet-4-0,3,4,まゆりは俺に頼るのを諦め、ふたつと頬を膨らませつつ2人の仲裁に入っていった。 ,incorrect,3.952
anthropic/claude-sonnet-4-0,3,5,まゆりは俺に頼るのを諦め、ふたつと頬を膨らませつつ2人の仲裁に入っていった。 ,incorrect,4.204
anthropic/claude-sonnet-4-0,3,6,まゆりは俺に頼るのを諦め、ふたつと頬を膨らませつつ2人の仲裁に入っていった。 ,incorrect,3.948
anthropic/claude-sonnet-4-0,3,7,まゆりは俺に頼るのを諦め、ふらっと頬を膨らませつつ2人の仲裁に入っていった。 ,incorrect,4.601
anthropic/claude-sonnet-4-0,3,8,まゆりは俺に頼るのを諦め、ふたつと頬を膨らませつつ2人の仲裁に入っていった。 ,incorrect,4.527
anthropic/claude-sonnet-4-0,3,9,まゆりは俺に頼るのを諦め、ふたりと頼を膨らませつつ2人の仲裁に入っていった。 ,incorrect,4.727
anthropic/claude-sonnet-4-0,3,10,まゆりは俺に頼るのを諦め、ふたつと頬を膨らませつつ2人の仲裁に入っていった。 ,incorrect,4.100
anthropic/claude-sonnet-4-0,4,1,闖入者たちも、最初の一言以外、なにも言おうとしない。 ,correct,3.344
anthropic/claude-sonnet-4-0,4,2,闖入者たちも、最初の一言以外、なにも言おうとしない。 ,correct,3.052
anthropic/claude-sonnet-4-0,4,3,闖入者たちも、最初の一言以外、なにも言おうとしない。 ,correct,3.300
anthropic/claude-sonnet-4-0,4,4,闖入者たちも、最初の一言以外、なにも言おうとしない。 ,correct,4.157
anthropic/claude-sonnet-4-0,4,5,闖入者たちも、最初の一言以外、なにも言おうとしない。 ,correct,3.166
anthropic/claude-sonnet-4-0,4,6,闖入者たちも、最初の一言以外、なにも言おうとしない。 ,correct,3.226
anthropic/claude-sonnet-4-0,4,7,闖入者たちも、最初の一言以外、なにも言おうとしない。 ,correct,3.404
anthropic/claude-sonnet-4-0,4,8,闖入者たちも、最初の一言以外、なにも言おうとしない。 ,correct,3.226
anthropic/claude-sonnet-4-0,4,9,闖入者たちも、最初の一言以外、なにも言おうとしない。 ,correct,3.338
anthropic/claude-sonnet-4-0,4,10,闖入者たちも、最初の一言以外、なにも言おうとしない。 ,correct,3.368
anthropic/claude-sonnet-4-0,5,1,「ま、あたしもラボメンにしてもらったとはいえ、所詮は部外者だしねぇ」 ,correct,4.542
anthropic/claude-sonnet-4-0,5,2,「ま、あたしもラボメンにしてもらったとはいえ、所詮は部外者だしねぇ」 ,correct,4.105
anthropic/claude-sonnet-4-0,5,3,「ま、あたしもラボメンにしてもらったとはいえ、所詮は部外者だしね」 ,incorrect,3.810
anthropic/claude-sonnet-4-0,5,4,「ま、あたしもラボメンにしてもらったとはいえ、所詮は部外者だしねぇ」 ,correct,3.995
anthropic/claude-sonnet-4-0,5,5,「ま、あたしもラボメンにしてもらったとはいえ、所詮は部外者だしねえ」 ,incorrect,3.798
anthropic/claude-sonnet-4-0,5,6,「ま、あたしもラボメンにしてもらったといえば、所詮は部外者だしね」 ,incorrect,3.676
anthropic/claude-sonnet-4-0,5,7,「ま、あたしもラボメンにしてもらったとはいえ、所詮は部外者だしね」 ,incorrect,3.793
anthropic/claude-sonnet-4-0,5,8,「ま、あたしもラボメンにしてもらったとはいえ、所詮は部外者だしね」 ,incorrect,3.983
anthropic/claude-sonnet-4-0,5,9,「ま、あたしもラボメンにしてもらったとはいえ、所詮は部外者だしね」 ,incorrect,3.842
anthropic/claude-sonnet-4-0,5,10,「ま、あたしもラボメンにしてもらったとはいえ、所詮は部外者だしねえ」 ,incorrect,3.635
anthropic/claude-opus-4-1-20250805,1,1,一度言ってしまったら、もう後には退けなかった。 ,correct,3.584
anthropic/claude-opus-4-1-20250805,1,2,一度言ってしまったら、もう後には退けなかった。 ,correct,4.097
anthropic/claude-opus-4-1-20250805,1,3,一度言ってしまったら、もう後には退けなかった。 ,correct,4.038
anthropic/claude-opus-4-1-20250805,1,4,一度言ってしまったら、もう後には退けなかった。 ,correct,8.611
anthropic/claude-opus-4-1-20250805,1,5,一度言ってしまったら、もう後には退けなかった。 ,correct,3.470
anthropic/claude-opus-4-1-20250805,1,6,一度言ってしまったら、もう後には退けなかった。 ,correct,3.963
anthropic/claude-opus-4-1-20250805,1,7,一度言ってしまったら、もう後には退けなかった。 ,correct,3.784
anthropic/claude-opus-4-1-20250805,1,8,一度言ってしまったら、もう後には退けなかった。 ,correct,4.024
anthropic/claude-opus-4-1-20250805,1,9,一度言ってしまったら、もう後には退けなかった。 ,correct,4.086
anthropic/claude-opus-4-1-20250805,1,10,一度言ってしまったら、もう後には退けなかった。 ,correct,3.781
anthropic/claude-opus-4-1-20250805,2,1,電流でも流されたように、自分の意志に関係なく全身が痙攣し。 ,correct,4.548
anthropic/claude-opus-4-1-20250805,2,2,電流でも流されたように、自分の意志に関係なく全身が痙攣し。 ,correct,4.475
anthropic/claude-opus-4-1-20250805,2,3,電流でも流されたように、自分の意志に関係なく全身が痙攣し。 ,correct,4.657
anthropic/claude-opus-4-1-20250805,2,4,電流でも流されたように、自分の意志に関係なく全身が痙攣し。 ,correct,4.280
anthropic/claude-opus-4-1-20250805,2,5,電流でも流されたように、自分の意志に関係なく全身が痙攣し。 ,correct,4.802
anthropic/claude-opus-4-1-20250805,2,6,電流でも流されたように、自分の意志に関係なく全身が痙攣し。 ,correct,4.793
anthropic/claude-opus-4-1-20250805,2,7,電流でも流されたように、自分の意志に関係なく全身が痙攣し。 ,correct,4.425
anthropic/claude-opus-4-1-20250805,2,8,電流でも流されたように、自分の意志に関係なく全身が痙攣し。 ,correct,4.482
anthropic/claude-opus-4-1-20250805,2,9,電流でも流されたように、自分の意志に関係なく全身が痙攣し。 ,correct,4.880
anthropic/claude-opus-4-1-20250805,2,10,電流でも流されたように、自分の意志に関係なく全身が痙攣し。 ,correct,5.638
anthropic/claude-opus-4-1-20250805,3,1,まゆりは俺に頼るのを諦め、ふすっと頬を膨らませつつ2人の仲裁に入っていった。 ,incorrect,5.214
anthropic/claude-opus-4-1-20250805,3,2,まゆりは俺に頼るのを諦め、ふすっと頬を膨らませつつ2人の仲裁に入っていった。 ,incorrect,4.888
anthropic/claude-opus-4-1-20250805,3,3,まゆりは俺に頼るのを諦め、ふすっと頬を膨らませつつ2人の仲裁に入っていった。 ,incorrect,4.664
anthropic/claude-opus-4-1-20250805,3,4,まゆりは俺に頼るのを諦め、ふすっと頬を膨らませつつ2人の仲裁に入っていった。 ,incorrect,5.227
anthropic/claude-opus-4-1-20250805,3,5,まゆりは俺に頼るのを諦め、ふすっと頬を膨らませつつ2人の仲裁に入っていった。 ,incorrect,5.050
anthropic/claude-opus-4-1-20250805,3,6,まゆりは俺に頼るのを諦め、ふすっと頬を膨らませつつ2人の仲裁に入っていった。 ,incorrect,4.991
anthropic/claude-opus-4-1-20250805,3,7,まゆりは俺に頼るのを諦め、ふすっと頬を膨らませつつ2人の仲裁に入っていった。 ,incorrect,5.390
anthropic/claude-opus-4-1-20250805,3,8,まゆりは俺に頼るのを諦め、ふすっと頬を膨らませつつ2人の仲裁に入っていった。 ,incorrect,4.652
anthropic/claude-opus-4-1-20250805,3,9,まゆりは俺に頼るのを諦め、ふすっと頬を膨らませつつ2人の仲裁に入っていった。 ,incorrect,4.864
anthropic/claude-opus-4-1-20250805,3,10,まゆりは俺に頼るのを諦め、ふすっと頬を膨らませつつ2人の仲裁に入っていった。 ,incorrect,15.147
anthropic/claude-opus-4-1-20250805,4,1,闘入者たちも、最初の一言以外、なにも言おうとしない。 ,incorrect,4.041
anthropic/claude-opus-4-1-20250805,4,2,闘入者たちも、最初の一言以外、なにも言おうとしない。 ,incorrect,4.020
anthropic/claude-opus-4-1-20250805,4,3,闘入者たちも、最初の一言以外、なにも言おうとしない。 ,incorrect,3.860
anthropic/claude-opus-4-1-20250805,4,4,闘入者たちも、最初の一言以外、なにも言おうとしない。 ,incorrect,4.194
anthropic/claude-opus-4-1-20250805,4,5,闘入者たちも、最初の一言以外、なにも言おうとしない。 ,incorrect,4.214
anthropic/claude-opus-4-1-20250805,4,6,闘入者たちも、最初の一言以外、なにも言わなくてもいい。 ,incorrect,4.504
anthropic/claude-opus-4-1-20250805,4,7,闘入者たちも、最初の一言以外、なにも言おうとしない。 ,incorrect,4.955
anthropic/claude-opus-4-1-20250805,4,8,闘入者たちも、最初の一言以外、なにも言おうとしない。 ,incorrect,4.442
anthropic/claude-opus-4-1-20250805,4,9,闘入者たちも、最初の一言以外、なにも言おうとしない。 ,incorrect,4.472
anthropic/claude-opus-4-1-20250805,4,10,闘入者たちも、最初の一言以外、なにも言おうとしない。 ,incorrect,4.241
anthropic/claude-opus-4-1-20250805,5,1,ま、あたしもラボメンにしてもらったとはいえ、所詮は部外者だしねェ ,incorrect,4.573
anthropic/claude-opus-4-1-20250805,5,2,ま、あたしもラボメンにしてもらったとはいえ、所詮は部外者だしね。 ,incorrect,4.233
anthropic/claude-opus-4-1-20250805,5,3,ま、あたしもラボメンにしてもらったとはいえ、所詮は部外者だしね。 ,incorrect,4.833
anthropic/claude-opus-4-1-20250805,5,4,ま、あたしもラボメンにしてもらったとはいえ、所詮は部外者だしね。 ,incorrect,4.318
anthropic/claude-opus-4-1-20250805,5,5,ま、あたしもラボメンにしてもらったとはいえ、所詮は部外者だしね。 ,incorrect,4.427
anthropic/claude-opus-4-1-20250805,5,6,ま、あたしもラボメンにしてもらったとはいえ、所詮は部外者だしね。 ,incorrect,4.443
anthropic/claude-opus-4-1-20250805,5,7,ま、あたしもラボメンにしてもらったとはいえ、所詮は部外者だしね。 ,incorrect,4.171
anthropic/claude-opus-4-1-20250805,5,8,ま、あたしもラボメンにしてもらったとはいえ、所詮は部外者だしね。 ,incorrect,4.682
anthropic/claude-opus-4-1-20250805,5,9,ま、あたしもラボメンにしてもらったとはいえ、所詮は部外者だしね。 ,incorrect,4.786
anthropic/claude-opus-4-1-20250805,5,10,ま、あたしもラボメンにしてもらったとはいえ、所詮は部外者だしね。 ,incorrect,4.485
anthropic/claude-sonnet-4-5,1,1,一度言ってしまったら、もう後には退けなかった。 ,correct,3.218
anthropic/claude-sonnet-4-5,1,2,一度言ってしまったら、もう後には退けなかった。 ,correct,3.084
anthropic/claude-sonnet-4-5,1,3,一度言ってしまったら、もう後には退けなかった。 ,correct,3.286
anthropic/claude-sonnet-4-5,1,4,一度言ってしまったら、もう後には退けなかった。 ,correct,3.058
anthropic/claude-sonnet-4-5,1,5,一度言ってしまったら、もう後には退けなかった。 ,correct,3.275
anthropic/claude-sonnet-4-5,1,6,一度言ってしまったら、もう後には退けなかった。 ,correct,3.069
anthropic/claude-sonnet-4-5,1,7,一度言ってしまったら、もう後には退けなかった。 ,correct,3.117
anthropic/claude-sonnet-4-5,1,8,一度言ってしまったら、もう後には退けなかった。 ,correct,3.562
anthropic/claude-sonnet-4-5,1,9,一度言ってしまったら、もう後には退けなかった。 ,correct,2.994
anthropic/claude-sonnet-4-5,1,10,一度言ってしまったら、もう後には退けなかった。 ,correct,5.082
anthropic/claude-sonnet-4-5,2,1,電流でも流されたように、自分の意志に関係なく全身が痙攣し。 ,correct,3.575
anthropic/claude-sonnet-4-5,2,2,電流でも流されたように、自分の意志に関係なく全身が痙攣じ。 ,incorrect,4.949
anthropic/claude-sonnet-4-5,2,3,電流でも流されたように、自分の意志に関係なく全身が痙攣じ。 ,incorrect,3.787
anthropic/claude-sonnet-4-5,2,4,電流でも流されたように、自分の意志に関係なく全身が痙攣し。 ,correct,3.181
anthropic/claude-sonnet-4-5,2,5,電流でも流されたように、自分の意志に関係なく全身が痙攣し。 ,correct,4.241
anthropic/claude-sonnet-4-5,2,6,電流でも流されたように、自分の意志に関係なく全身が痙攣じ。 ,incorrect,4.923
anthropic/claude-sonnet-4-5,2,7,電流でも流されたように、自分の意志に関係なく全身が痙攣し。 ,correct,9.249
anthropic/claude-sonnet-4-5,2,8,電流でも流されたように、自分の意志に関係なく全身が痙攣し。 ,correct,3.438
anthropic/claude-sonnet-4-5,2,9,電流でも流されたように、自分の意志に関係なく全身が痙攣し。 ,correct,4.047
anthropic/claude-sonnet-4-5,2,10,電流でも流されたように、自分の意志に関係なく全身が痙攣し。 ,correct,4.183
anthropic/claude-sonnet-4-5,3,1,まゆりは俺に頼るのを諦め、ふすっと頬を膨らませつつ2人の仲裁に入っていった。🐚 ,incorrect,4.562
anthropic/claude-sonnet-4-5,3,2,まゆりは俺に頼るのを諦め、ふすっと頬を膨らませつつ2人の仲裁に入っていった。🐚 ,incorrect,5.287
anthropic/claude-sonnet-4-5,3,3,まゆりは俺に頼るのを諦め、ふすっと頬を膨らませつつ2人の仲裁に入っていった。🐏 ,incorrect,4.468
anthropic/claude-sonnet-4-5,3,4,まゆりは俺に頼るのを諦め、ふずっと頬を膨らませつつ2人の仲裁に入っていった。🏃 ,incorrect,4.328
anthropic/claude-sonnet-4-5,3,5,まゆりは俺に頼るのを諦め、ふずっと頬を膨らませつつ2人の仲裁に入っていった。🐈 ,incorrect,5.643
anthropic/claude-sonnet-4-5,3,6,まゆりは俺に頼るのを諦め、ふすっと頬を膨らませつつ2人の仲裁に入っていった。🐏 ,incorrect,4.282
anthropic/claude-sonnet-4-5,3,7,まゆりは俺に頼るのを諦め、ふすっと頬を膨らませつつ2人の仲裁に入っていった。🎮 ,incorrect,5.946
anthropic/claude-sonnet-4-5,3,8,まゆりは俺に頼るのを諦め、ふすっと頬を膨らませつつ2人の仲裁に入っていった。🐏 ,incorrect,4.287
anthropic/claude-sonnet-4-5,3,9,まゆりは俺に頼るのを諦め、ふすっと頬を膨らませつつ2人の仲裁に入っていった。🐚 ,incorrect,4.578
anthropic/claude-sonnet-4-5,3,10,まゆりは俺に頼るのを諦め、ふすっと頬を膨らませつつ2人の仲裁に入っていった。🐚 ,incorrect,4.241
anthropic/claude-sonnet-4-5,4,1,闘入者たちも、最初の一言以外、なにも言おうとしない。 ,incorrect,4.057
anthropic/claude-sonnet-4-5,4,2,闘入者たちも、最初の一言以外、なにも言おうとしない。 ,incorrect,6.211
anthropic/claude-sonnet-4-5,4,3,闘入者たちも、最初の一言以外、なにも言おうとしない。 ,incorrect,5.195
anthropic/claude-sonnet-4-5,4,4,闘入者たちも、最初の一言以外、なにも言おうとしない。 ,incorrect,3.605
anthropic/claude-sonnet-4-5,4,5,闘入者たちも、最初の一言以外、なにも言おうとしない。 ,incorrect,8.903
anthropic/claude-sonnet-4-5,4,6,闘入者たちも、最初の一言以外、なにも言おうとしない。 ,incorrect,3.638
anthropic/claude-sonnet-4-5,4,7,闘入者たちも、最初の一言以外、なにも言おうとしない。 ,incorrect,3.282
anthropic/claude-sonnet-4-5,4,8,闘入者たちも、最初の一言以外、なにも言おうとしない。 ,incorrect,10.869
anthropic/claude-sonnet-4-5,4,9,闖入者たちも、最初の一言以外、なにも言おうとしない。 ,correct,5.099
anthropic/claude-sonnet-4-5,4,10,闘入者たちも、最初の一言以外、なにも言おうとしない。 ,incorrect,4.285
anthropic/claude-sonnet-4-5,5,1,ま、あたしもラボメンにしてもらったとはいえ、所詮は部外者だしねぇ ,correct,3.988
anthropic/claude-sonnet-4-5,5,2,ま、あたしもラポメンにしてもらったとはいえ、所詮は部外者だしねぇ ,incorrect,4.198
anthropic/claude-sonnet-4-5,5,3,まま、あたしもラポメンにしてもらったとはいえ、所詮は部外者だしねえ ,incorrect,3.941
anthropic/claude-sonnet-4-5,5,4,ま、あたしもラボメンにしてもらったとはいえ、所詮は部外者だしね ,incorrect,3.968
anthropic/claude-sonnet-4-5,5,5,ま、あたしもラボメンにしてもらったとはいえ、所詮は部外者だしねえ ,incorrect,3.507
anthropic/claude-sonnet-4-5,5,6,ま、あたしもラボメンにしてもらったとはいえ、所詮は部外者だしね ,incorrect,4.070
anthropic/claude-sonnet-4-5,5,7,ま、あたしもラボメンにしてもらったとはいえ、所詮は部外者だしね ,incorrect,5.832
anthropic/claude-sonnet-4-5,5,8,ま、あたしもラボメンにしてもらったとはいえ、所詮は部外者だしね ,incorrect,3.754
anthropic/claude-sonnet-4-5,5,9,ま、あたしもラボメンにしてもらったとはいえ、所詮は部外者だしね ,incorrect,4.060
anthropic/claude-sonnet-4-5,5,10,ま、あたしもラボメンにしてもらったとはいえ、所詮は部外者だしねぇ ,correct,3.890
anthropic/claude-haiku-4-5-20251001,1,1,一度言ってしまったら、もう後には退けなかった。 ,correct,1.949
anthropic/claude-haiku-4-5-20251001,1,2,一度言ってしまったら、もう後には退けなかった。 ,correct,2.033
anthropic/claude-haiku-4-5-20251001,1,3,一度言ってしまったら、もう後には退けなかった。 ,correct,6.922
anthropic/claude-haiku-4-5-20251001,1,4,一度言ってしまったら、もう後には退けなかった。 ,correct,2.020
anthropic/claude-haiku-4-5-20251001,1,5,一度言ってしまったら、もう後には退けなかった。 ,correct,2.614
anthropic/claude-haiku-4-5-20251001,1,6,一度言ってしまったら、もう後には退けなかった。 ,correct,7.198
anthropic/claude-haiku-4-5-20251001,1,7,一度言ってしまったら、もう後には退けなかった。 ,correct,1.957
anthropic/claude-haiku-4-5-20251001,1,8,一度言ってしまったら、もう後には退けなかった。 ,correct,2.077
anthropic/claude-haiku-4-5-20251001,1,9,一度言ってしまったら、もう後には退けなかった。 ,correct,2.313
anthropic/claude-haiku-4-5-20251001,1,10,一度言ってしまったら、もう後には退けなかった。 ,correct,2.039
anthropic/claude-haiku-4-5-20251001,2,1,電流でも流されたように、自分の意志に関係なく全身が痺痺。 ,incorrect,2.250
anthropic/claude-haiku-4-5-20251001,2,2,電流でも流されたように、自分の意志に関係なく全身が痙攣。 ,incorrect,2.882
anthropic/claude-haiku-4-5-20251001,2,3,電流でも流されたように、自分の意志に関係なく全身が痺攣。 ,incorrect,2.303
anthropic/claude-haiku-4-5-20251001,2,4,電流でも流されたように、自分の意志に関係なく全身が痙攣。 ,incorrect,2.106
anthropic/claude-haiku-4-5-20251001,2,5,電流でも流されたように、自分の意志に関係なく全身が痙攣。 ,incorrect,2.587
anthropic/claude-haiku-4-5-20251001,2,6,電流でも流されたように、自分の意志に関係なく全身が痺痺。 ,incorrect,2.321
anthropic/claude-haiku-4-5-20251001,2,7,電流でも流されたように、自分の意志に関係なく全身が痙攣。 ,incorrect,2.504
anthropic/claude-haiku-4-5-20251001,2,8,電流でも流されたように、自分の意志に関係なく全身が痺攣。 ,incorrect,2.509
anthropic/claude-haiku-4-5-20251001,2,9,電流でも流されたように、自分の意志に関係なく全身が痙攣。 ,incorrect,4.915
anthropic/claude-haiku-4-5-20251001,2,10,電流でも流されたように、自分の意志に関係なく全身が痙攣。 ,incorrect,2.574
anthropic/claude-haiku-4-5-20251001,3,1,まゆりは俺に頼るのを謝め、ぶすっと頬を膨らませつつ2人の仲裁に入っていった。 ,incorrect,2.481
anthropic/claude-haiku-4-5-20251001,3,2,まゆりは俺に頼るのを誤め、ぶすっと頬を膨らませつつ2人の仲裁に入っていった。 ,incorrect,2.446
anthropic/claude-haiku-4-5-20251001,3,3,まゆりは俺に頼るのを誤め、ぶすっと頬を膨らませつつ2人の仲裁に入っていった。 ,incorrect,4.423
anthropic/claude-haiku-4-5-20251001,3,4,まゆりは俺に頼るのを誤め、ぶすっと頬を膨らませつつ2人の仲裁に入っていった。 ,incorrect,3.027
anthropic/claude-haiku-4-5-20251001,3,5,まゆりは俺に頼るのを誤め、ぶすっと頬を膨らませつつ2人の仲裁に入っていった。 ,incorrect,7.149
anthropic/claude-haiku-4-5-20251001,3,6,まゆりは俺に頼るのを誤め、ぶすっと頬を膨らませつつ2人の仲裁に入っていった。 ,incorrect,2.612
anthropic/claude-haiku-4-5-20251001,3,7,まゆりは俺に頼るのを誤め、ぶすっと頬を膨らませつつ2人の仲裁に入っていった。 ,incorrect,2.753
anthropic/claude-haiku-4-5-20251001,3,8,まゆりは俺に頼るのを誤め、ぶすっと頬を膨らませつつ2人の仲裁に入っていった。 ,incorrect,2.368
anthropic/claude-haiku-4-5-20251001,3,9,まゆりは俺に頼るのを謝め、ぶすっと頬を膨らませつつ2人の仲裁に入っていった。 ,incorrect,2.481
anthropic/claude-haiku-4-5-20251001,3,10,まゆりは俺に頼るのを誤め、ぶすっと頬を膨らませつつ2人の仲裁に入っていった。 ,incorrect,3.433
anthropic/claude-haiku-4-5-20251001,4,1,闊入者たちも、最初の一言以外、なにも言おうとしない。 ,incorrect,2.192
anthropic/claude-haiku-4-5-20251001,4,2,閣入者たちも、最初の一言以外、なにも言おうとしない。 ,incorrect,2.234
anthropic/claude-haiku-4-5-20251001,4,3,閣入者たちも、最初の一言以外、なにも言おうとしない。 ,incorrect,2.660
anthropic/claude-haiku-4-5-20251001,4,4,閣入者たちも、最初の一言以外、なにも言おうとしない。 ,incorrect,2.409
anthropic/claude-haiku-4-5-20251001,4,5,闇入者たちも、最初の一言以外、なにも言おうとしない。 ,incorrect,3.332
anthropic/claude-haiku-4-5-20251001,4,6,閣入者たちも、最初の一言以外、なにも言おうとしない。 ,incorrect,2.126
anthropic/claude-haiku-4-5-20251001,4,7,闘入者たちも、最初の一言以外、なにも言おうとしない。 ,incorrect,2.972
anthropic/claude-haiku-4-5-20251001,4,8,閣入者たちも、最初の一言以外、なにも言おうとしない。 ,incorrect,2.210
anthropic/claude-haiku-4-5-20251001,4,9,閣入者たちも、最初の一言以外、なにも言おうとしない。 ,incorrect,2.228
anthropic/claude-haiku-4-5-20251001,4,10,閣入者たちも、最初の一言以外、なにも言おうとしない。 ,incorrect,2.323
anthropic/claude-haiku-4-5-20251001,5,1,「ま、あたしもラボメンにしてもらったとはいえ、所詮は部外者だしねえ」 ,incorrect,2.380
anthropic/claude-haiku-4-5-20251001,5,2,「ま、あたしもラボメンにしてもらったといえ、所詮は部外者だしね」 ,incorrect,2.328
anthropic/claude-haiku-4-5-20251001,5,3,「ま、あたしもラボメンにしてもらったとはいえ、所詮は部外者だしねえ」 ,incorrect,2.558
anthropic/claude-haiku-4-5-20251001,5,4,「ま、あたしもラボメンにしてもらったとはいえ、所詮は部外者だしね」 ,incorrect,2.520
anthropic/claude-haiku-4-5-20251001,5,5,「ま、あたしもラボメンにしてもらったといえ、所詮は部外者だしね」 ,incorrect,4.898
anthropic/claude-haiku-4-5-20251001,5,6,「ま、あたしもラボメンにしてもらったといえ、所詮は部外者だしねえ」 ,incorrect,2.419
anthropic/claude-haiku-4-5-20251001,5,7,「ま、あたしもラボメンにしてもらったとはいえ、所詮は部外者だしね」 ,incorrect,2.518
anthropic/claude-haiku-4-5-20251001,5,8,「ま、あたしもラボメンにしてもらったといえ、所詮は部外者だしね」 ,incorrect,2.526
anthropic/claude-haiku-4-5-20251001,5,9,「ま、あたしもラボメンにしてもらったと言えば、所詮は部外者だしねえ」 ,incorrect,2.343
anthropic/claude-haiku-4-5-20251001,5,10,「ま、あたしもラボメンにしてもらったといえ、所詮は部外者だしね」 ,incorrect,2.687
anthropic/claude-opus-4-5-20251101,1,1,一度言ってしまったら、もう後には退けなかった。 ,correct,3.556
anthropic/claude-opus-4-5-20251101,1,2,一度言ってしまったら、もう後には退けなかった。 ,correct,3.119
anthropic/claude-opus-4-5-20251101,1,3,一度言ってしまったら、もう後には退けなかった。 ,correct,3.198
anthropic/claude-opus-4-5-20251101,1,4,一度言ってしまったら、もう後には退けなかった。 ,correct,3.232
anthropic/claude-opus-4-5-20251101,1,5,一度言ってしまったら、もう後には退けなかった。 ,correct,3.419
anthropic/claude-opus-4-5-20251101,1,6,一度言ってしまったら、もう後には退けなかった。 ,correct,2.969
anthropic/claude-opus-4-5-20251101,1,7,一度言ってしまったら、もう後には退けなかった。 ,correct,2.588
anthropic/claude-opus-4-5-20251101,1,8,一度言ってしまったら、もう後には退けなかった。 ,correct,3.097
anthropic/claude-opus-4-5-20251101,1,9,一度言ってしまったら、もう後には退けなかった。 ,correct,3.778
anthropic/claude-opus-4-5-20251101,1,10,一度言ってしまったら、もう後には退けなかった。 ,correct,3.193
anthropic/claude-opus-4-5-20251101,2,1,電流でも流されたように、自分の意志に関係なく全身が痙攣し。 ,correct,3.802
anthropic/claude-opus-4-5-20251101,2,2,電流でも流されたように、自分の意志に関係なく全身が痙攣し。 ,correct,3.494
anthropic/claude-opus-4-5-20251101,2,3,電流でも流されたように、自分の意志に関係なく全身が痙攣し。 ,correct,6.030
anthropic/claude-opus-4-5-20251101,2,4,電流でも流されたように、自分の意志に関係なく全身が痙攣し。 ,correct,3.669
anthropic/claude-opus-4-5-20251101,2,5,電流でも流されたように、自分の意志に関係なく全身が痙攣し。 ,correct,3.792
anthropic/claude-opus-4-5-20251101,2,6,電流でも流されたように、自分の意志に関係なく全身が痙攣し。 ,correct,3.131
anthropic/claude-opus-4-5-20251101,2,7,電流でも流されたように、自分の意志に関係なく全身が痙攣し。 ,correct,4.342
anthropic/claude-opus-4-5-20251101,2,8,電流でも流されたように、自分の意志に関係なく全身が痙攣し。 ,correct,3.603
anthropic/claude-opus-4-5-20251101,2,9,電流でも流されたように、自分の意志に関係なく全身が痙攣し。 ,correct,3.124
anthropic/claude-opus-4-5-20251101,2,10,電流でも流されたように、自分の意志に関係なく全身が痙攣し。 ,correct,3.470
anthropic/claude-opus-4-5-20251101,3,1,まゆりは俺に頼るのを諦め、ぷすっと頬を膨らませつつ2人の仲裁に入っていった。 ,incorrect,4.050
anthropic/claude-opus-4-5-20251101,3,2,まゆりは俺に頼るのを諦め、ぷすっと頬を膨らませつつ2人の仲裁に入っていった。 ,incorrect,3.885
anthropic/claude-opus-4-5-20251101,3,3,まゆりは俺に頼るのを諦め、ぷすっと頬を膨らませつつ2人の仲裁に入っていった。 ,incorrect,4.168
anthropic/claude-opus-4-5-20251101,3,4,まゆりは俺に頼るのを諦め、ぷすっと頬を膨らませつつ2人の仲裁に入っていった。 ,incorrect,3.935
anthropic/claude-opus-4-5-20251101,3,5,まゆりは俺に頼るのを諦め、ぷすっと頬を膨らませつつ2人の仲裁に入っていった。 ,incorrect,4.008
anthropic/claude-opus-4-5-20251101,3,6,まゆりは俺に頼るのを諦め、ぷすっと頬を膨らませつつ2人の仲裁に入っていった。 ,incorrect,4.024
anthropic/claude-opus-4-5-20251101,3,7,まゆりは俺に頼るのを諦め、ぷすっと頬を膨らませつつ2人の仲裁に入っていった。 ,incorrect,4.735
anthropic/claude-opus-4-5-20251101,3,8,まゆりは俺に頼るのを諦め、ぷすっと頬を膨らませつつ2人の仲裁に入っていった。 ,incorrect,4.357
anthropic/claude-opus-4-5-20251101,3,9,まゆりは俺に頼るのを諦め、ぷすっと頬を膨らませつつ2人の仲裁に入っていった。 ,incorrect,4.042
anthropic/claude-opus-4-5-20251101,3,10,まゆりは俺に頼るのを諦め、ぷすっと頬を膨らませつつ2人の仲裁に入っていった。 ,incorrect,3.973
anthropic/claude-opus-4-5-20251101,4,1,闘入者たちも、最初の一言以外、なにも言おうとしない。 ,incorrect,3.164
anthropic/claude-opus-4-5-20251101,4,2,闘入者たちも、最初の一言以外、なにも言おうとしない。 ,incorrect,3.368
anthropic/claude-opus-4-5-20251101,4,3,闘入者たちも、最初の一言以外、なにも言おうとしない。 ,incorrect,2.706
anthropic/claude-opus-4-5-20251101,4,4,闘入者たちも、最初の一言以外、なにも言おうとしない。 ,incorrect,3.470
anthropic/claude-opus-4-5-20251101,4,5,闘入者たちも、最初の一言以外、なにも言おうとしない。 ,incorrect,6.428
anthropic/claude-opus-4-5-20251101,4,6,闘入者たちも、最初の一言以外、なにも言おうとしない。 ,incorrect,3.425
anthropic/claude-opus-4-5-20251101,4,7,闘入者たちも、最初の一言以外、なにも言おうとしない。 ,incorrect,3.743
anthropic/claude-opus-4-5-20251101,4,8,闘入者たちも、最初の一言以外、なにも言おうとしない。 ,incorrect,2.814
anthropic/claude-opus-4-5-20251101,4,9,闘入者たちも、最初の一言以外、なにも言おうとしない。 ,incorrect,2.790
anthropic/claude-opus-4-5-20251101,4,10,闘入者たちも、最初の一言以外、なにも言おうとしない。 ,incorrect,3.677
anthropic/claude-opus-4-5-20251101,5,1,「ま、あたしもラボメンにしてもらったとはいえ、所詮は部外者だしねぇ」 ,correct,3.361
anthropic/claude-opus-4-5-20251101,5,2,「ま、あたしもラボメンにしてもらったとはいえ、所詮は部外者だしねぇ」 ,correct,4.119
anthropic/claude-opus-4-5-20251101,5,3,「ま、あたしもラボメンにしてもらったとはいえ、所詮は部外者だしねぇ」 ,correct,4.510
anthropic/claude-opus-4-5-20251101,5,4,「ま、あたしもラボメンにしてもらったとはいえ、所詮は部外者だしねぇ」 ,correct,3.409
anthropic/claude-opus-4-5-20251101,5,5,「ま、あたしもラボメンにしてもらったとはいえ、所詮は部外者だしねぇ」 ,correct,3.163
anthropic/claude-opus-4-5-20251101,5,6,「ま、あたしもラボメンにしてもらったとはいえ、所詮は部外者だしねぇ」 ,correct,3.716
anthropic/claude-opus-4-5-20251101,5,7,「ま、あたしもラボメンにしてもらったとはいえ、所詮は部外者だしねぇ」 ,correct,3.536
anthropic/claude-opus-4-5-20251101,5,8,「ま、あたしもラボメンにしてもらったとはいえ、所詮は部外者だしねぇ」 ,correct,3.316
anthropic/claude-opus-4-5-20251101,5,9,「ま、あたしもラボメンにしてもらったとはいえ、所詮は部外者だしねぇ」 ,correct,3.395
anthropic/claude-opus-4-5-20251101,5,10,「ま、あたしもラボメンにしてもらったとはいえ、所詮は部外者だしねぇ」 ,correct,3.311
anthropic/claude-opus-4-6,1,1,一度言ってしまったら、もう後には退けなかった。 ,correct,3.429
anthropic/claude-opus-4-6,1,2,一度言ってしまったら、もう後には退けなかった。 ,correct,3.197
anthropic/claude-opus-4-6,1,3,一度言ってしまったら、もう後には退けなかった。 ,correct,3.645
anthropic/claude-opus-4-6,1,4,一度言ってしまったら、もう後には退けなかった。 ,correct,3.591
anthropic/claude-opus-4-6,1,5,一度言ってしまったら、もう後には退けなかった。 ,correct,4.247
anthropic/claude-opus-4-6,1,6,一度言ってしまったら、もう後には退けなかった。 ,correct,4.144
anthropic/claude-opus-4-6,1,7,一度言ってしまったら、もう後には退けなかった。 ,correct,3.811
anthropic/claude-opus-4-6,1,8,一度言ってしまったら、もう後には退けなかった。 ,correct,3.153
anthropic/claude-opus-4-6,1,9,一度言ってしまったら、もう後には退けなかった。 ,correct,6.006
anthropic/claude-opus-4-6,1,10,一度言ってしまったら、もう後には退けなかった。 ,correct,3.530
anthropic/claude-opus-4-6,2,1,電流でも流されたように、自分の意志に関係なく全身が痙攣し。 ,correct,5.888
anthropic/claude-opus-4-6,2,2,電流でも流されたように、自分の意志に関係なく全身が痙攣し。 ,correct,3.888
anthropic/claude-opus-4-6,2,3,電流でも流されたように、自分の意志に関係なく全身が痙攣し。 ,correct,3.707
anthropic/claude-opus-4-6,2,4,電流でも流されたように、自分の意志に関係なく全身が痙攣し。 ,correct,4.077
anthropic/claude-opus-4-6,2,5,電流でも流されたように、自分の意志に関係なく全身が痙攣し。 ,correct,3.919
anthropic/claude-opus-4-6,2,6,電流でも流されたように、自分の意志に関係なく全身が痙攣し。 ,correct,4.157
anthropic/claude-opus-4-6,2,7,電流でも流されたように、自分の意志に関係なく全身が痙攣し。 ,correct,3.652
anthropic/claude-opus-4-6,2,8,電流でも流されたように、自分の意志に関係なく全身が痙攣し。 ,correct,4.204
anthropic/claude-opus-4-6,2,9,電流でも流されたように、自分の意志に関係なく全身が痙攣し。 ,correct,3.824
anthropic/claude-opus-4-6,2,10,電流でも流されたように、自分の意志に関係なく全身が痙攣し。 ,correct,9.005
anthropic/claude-opus-4-6,3,1,まゆりは俺に頼るのを諦め、ぷすっと頬を膨らませつつ2人の仲裁に入っていった。 ,incorrect,4.262
anthropic/claude-opus-4-6,3,2,まゆりは俺に頼るのを諦め、ぷすっと頬を膨らませつつ2人の仲裁に入っていった。 ,incorrect,4.382
anthropic/claude-opus-4-6,3,3,まゆりは俺に頼るのを諦め、ぷすっと頬を膨らませつつ2人の仲裁に入っていった。 ,incorrect,4.239
anthropic/claude-opus-4-6,3,4,まゆりは俺に頼るのを諦め、ぷすっと頬を膨らませつつ2人の仲裁に入っていった。 ,incorrect,5.108
anthropic/claude-opus-4-6,3,5,まゆりは俺に頼るのを諦め、ぷすっと頬を膨らませつつ2人の仲裁に入っていった。 ,incorrect,3.568
anthropic/claude-opus-4-6,3,6,まゆりは俺に頼るのを諦め、ぷすっと頬を膨らませつつ2人の仲裁に入っていった。 ,incorrect,4.294
anthropic/claude-opus-4-6,3,7,まゆりは俺に頼るのを諦め、ぷすっと頬を膨らませつつ2人の仲裁に入っていった。 ,incorrect,4.467
anthropic/claude-opus-4-6,3,8,まゆりは俺に頼るのを諦め、ぷすっと頬を膨らませつつ2人の仲裁に入っていった。 ,incorrect,5.038
anthropic/claude-opus-4-6,3,9,まゆりは俺に頼るのを諦め、ぷすっと頬を膨らませつつ2人の仲裁に入っていった。 ,incorrect,4.386
anthropic/claude-opus-4-6,3,10,まゆりは俺に頼るのを諦め、ぶすっと頬を膨らませつつ2人の仲裁に入っていった。 ,correct,11.480
anthropic/claude-opus-4-6,4,1,闘入者たちも、最初の一言以外、なにも言おうとしない。 ,incorrect,3.597
anthropic/claude-opus-4-6,4,2,闘入者たちも、最初の一言以外、なにも言おうとしない。 ,incorrect,3.822
anthropic/claude-opus-4-6,4,3,闘入者たちも、最初の一言以外、なにも言おうとしない。 ,incorrect,4.255
anthropic/claude-opus-4-6,4,4,闘入者たちも、最初の一言以外、なにも言おうとしない。 ,incorrect,3.451
anthropic/claude-opus-4-6,4,5,闘入者たちも、最初の一言以外、なにも言おうとしない。 ,incorrect,3.898
anthropic/claude-opus-4-6,4,6,闘入者たちも、最初の一言以外、なにも言おうとしない。 ,incorrect,3.488
anthropic/claude-opus-4-6,4,7,闘入者たちも、最初の一言以外、なにも言おうとしない。 ,incorrect,2.953
anthropic/claude-opus-4-6,4,8,闘入者たちも、最初の一言以外、なにも言おうとしない。 ,incorrect,3.867
anthropic/claude-opus-4-6,4,9,闘入者たちも、最初の一言以外、なにも言おうとしない。 ,incorrect,3.766
anthropic/claude-opus-4-6,4,10,闘入者たちも、最初の一言以外、なにも言おうとしない。 ,incorrect,4.597
anthropic/claude-opus-4-6,5,1,「ま、あたしもラボメンにしてもらったとはいえ、所詮は部外者だしねぇ」 ,correct,4.099
anthropic/claude-opus-4-6,5,2,「ま、あたしもラボメンにしてもらったとはいえ、所詮は部外者だしねぇ」 ,correct,4.515
anthropic/claude-opus-4-6,5,3,「ま、あたしもラボメンにしてもらったとはいえ、所詮は部外者だしねぇ」 ,correct,4.203
anthropic/claude-opus-4-6,5,4,「ま、あたしもラボメンにしてもらったとはいえ、所詮は部外者だしねぇ」 ,correct,4.317
anthropic/claude-opus-4-6,5,5,「ま、あたしもラボメンにしてもらったとはいえ、所詮は部外者だしねぇ」 ,correct,4.352
anthropic/claude-opus-4-6,5,6,「ま、あたしもラボメンにしてもらったとはいえ、所詮は部外者だしねぇ」 ,correct,4.194
anthropic/claude-opus-4-6,5,7,「ま、あたしもラボメンにしてもらったとはいえ、所詮は部外者だしねぇ」 ,correct,4.575
anthropic/claude-opus-4-6,5,8,「ま、あたしもラボメンにしてもらったとはいえ、所詮は部外者だしねぇ」 ,correct,4.825
anthropic/claude-opus-4-6,5,9,「ま、あたしもラボメンにしてもらったとはいえ、所詮は部外者だしねぇ」 ,correct,4.221
anthropic/claude-opus-4-6,5,10,「ま、あたしもラボメンにしてもらったとはいえ、所詮は部外者だしねぇ」 ,correct,4.453
anthropic/claude-sonnet-4-6,1,1,一度言ってしまったら、もう後には退けなかった。 ,correct,2.794
anthropic/claude-sonnet-4-6,1,2,一度言ってしまったら、もう後には退けなかった。 ,correct,4.187
anthropic/claude-sonnet-4-6,1,3,一度言ってしまったら、もう後には退けなかった。 ,correct,3.052
anthropic/claude-sonnet-4-6,1,4,一度言ってしまったら、もう後には退けなかった。 ,correct,3.071
anthropic/claude-sonnet-4-6,1,5,一度言ってしまったら、もう後には退けなかった。 ,correct,2.869
anthropic/claude-sonnet-4-6,1,6,一度言ってしまったら、もう後には退けなかった。 ,correct,2.826
anthropic/claude-sonnet-4-6,1,7,一度言ってしまったら、もう後には退けなかった。 ,correct,2.962
anthropic/claude-sonnet-4-6,1,8,一度言ってしまったら、もう後には退けなかった。 ,correct,2.892
anthropic/claude-sonnet-4-6,1,9,一度言ってしまったら、もう後には退けなかった。 ,correct,2.603
anthropic/claude-sonnet-4-6,1,10,一度言ってしまったら、もう後には退けなかった。 ,correct,2.999
anthropic/claude-sonnet-4-6,2,1,電流でも流されたように、自分の意志に関係なく全身が痙攣し。 ,correct,3.218
anthropic/claude-sonnet-4-6,2,2,電流でも流されたように、自分の意志に関係なく全身が痙攣し。 ,correct,3.357
anthropic/claude-sonnet-4-6,2,3,電流でも流されたように、自分の意志に関係なく全身が痙攣し。 ,correct,3.020
anthropic/claude-sonnet-4-6,2,4,電流でも流されたように、自分の意志に関係なく全身が痙攣し。 ,correct,2.909
anthropic/claude-sonnet-4-6,2,5,電流でも流されたように、自分の意志に関係なく全身が痙攣し。 ,correct,3.128
anthropic/claude-sonnet-4-6,2,6,電流でも流されたように、自分の意志に関係なく全身が痙攣し。 ,correct,2.890
anthropic/claude-sonnet-4-6,2,7,電流でも流されたように、自分の意志に関係なく全身が痙攣し。 ,correct,2.773
anthropic/claude-sonnet-4-6,2,8,電流でも流されたように、自分の意志に関係なく全身が痙攣し。 ,correct,2.882
anthropic/claude-sonnet-4-6,2,9,電流でも流されたように、自分の意志に関係なく全身が痙攣し。 ,correct,2.834
anthropic/claude-sonnet-4-6,2,10,電流でも流されたように、自分の意志に関係なく全身が痙攣し。 ,correct,3.170
anthropic/claude-sonnet-4-6,3,1,まゆりは俺に頼るのを諦め、ぷすっと頬を膨らませつつ2人の仲裁に入っていった。 ,incorrect,5.178
anthropic/claude-sonnet-4-6,3,2,まゆりは俺に頼るのを諦め、ぷすっと頬を膨らませつつ2人の仲裁に入っていった。 ,incorrect,3.495
anthropic/claude-sonnet-4-6,3,3,まゆりは俺に頼るのを諦め、ぷすっと頬を膨らませつつ2人の仲裁に入っていった。 ,incorrect,3.292
anthropic/claude-sonnet-4-6,3,4,まゆりは俺に頼るのを諦め、ぷすっと頬を膨らませつつ2人の仲裁に入っていった。 ,incorrect,3.428
anthropic/claude-sonnet-4-6,3,5,まゆりは俺に頼るのを諦め、ぷすっと頬を膨らませつつ2人の仲裁に入っていった。 ,incorrect,3.837
anthropic/claude-sonnet-4-6,3,6,まゆりは俺に頼るのを諦め、ぷすっと頬を膨らませつつ2人の仲裁に入っていった。 ,incorrect,3.245
anthropic/claude-sonnet-4-6,3,7,まゆりは俺に頼るのを諦め、ぷすっと頬を膨らませつつ2人の仲裁に入っていった。 ,incorrect,3.309
anthropic/claude-sonnet-4-6,3,8,まゆりは俺に頼るのを諦め、ぷすっと頬を膨らませつつ2人の仲裁に入っていった。 ,incorrect,3.437
anthropic/claude-sonnet-4-6,3,9,まゆりは俺に頼るのを諦め、ぷすっと頬を膨らませつつ2人の仲裁に入っていった。 ,incorrect,3.891
anthropic/claude-sonnet-4-6,3,10,まゆりは俺に頼るのを諦め、ぷすっと頬を膨らませつつ2人の仲裁に入っていった。 ,incorrect,3.424
anthropic/claude-sonnet-4-6,4,1,闖入者たちも、最初の一言以外、なにも言おうとしない。 ,correct,3.387
anthropic/claude-sonnet-4-6,4,2,闖入者たちも、最初の一言以外、なにも言おうとしない。 ,correct,3.242
anthropic/claude-sonnet-4-6,4,3,闖入者たちも、最初の一言以外、なにも言おうとしない。 ,correct,3.225
anthropic/claude-sonnet-4-6,4,4,闖入者たちも、最初の一言以外、なにも言おうとしない。 ,correct,3.358
anthropic/claude-sonnet-4-6,4,5,闖入者たちも、最初の一言以外、なにも言おうとしない。 ,correct,3.460
anthropic/claude-sonnet-4-6,4,6,闖入者たちも、最初の一言以外、なにも言おうとしない。 ,correct,3.565
anthropic/claude-sonnet-4-6,4,7,闖入者たちも、最初の一言以外、なにも言おうとしない。 ,correct,6.971
anthropic/claude-sonnet-4-6,4,8,闖入者たちも、最初の一言以外、なにも言おうとしない。 ,correct,3.697
anthropic/claude-sonnet-4-6,4,9,闖入者たちも、最初の一言以外、なにも言おうとしない。 ,correct,3.402
anthropic/claude-sonnet-4-6,4,10,闖入者たちも、最初の一言以外、なにも言おうとしない。 ,correct,3.846
anthropic/claude-sonnet-4-6,5,1,「ま、あたしもラボメンにしてもらったとはいえ、所詮は部外者だしねぇ」 ,correct,3.579
anthropic/claude-sonnet-4-6,5,2,「ま、あたしもラボメンにしてもらったとはいえ、所詮は部外者だしねぇ」 ,correct,3.783
anthropic/claude-sonnet-4-6,5,3,「ま、あたしもラボメンにしてもらったとはいえ、所詮は部外者だしねぇ」 ,correct,3.684
anthropic/claude-sonnet-4-6,5,4,「ま、あたしもラボメンにしてもらったとはいえ、所詮は部外者だしねぇ」 ,correct,5.134
anthropic/claude-sonnet-4-6,5,5,「ま、あたしもラボメンにしてもらったとはいえ、所詮は部外者だしねぇ」 ,correct,3.755
anthropic/claude-sonnet-4-6,5,6,「ま、あたしもラボメンにしてもらったとはいえ、所詮は部外者だしねぇ」 ,correct,3.434
anthropic/claude-sonnet-4-6,5,7,「ま、あたしもラボメンにしてもらったとはいえ、所詮は部外者だしねぇ」 ,correct,3.795
anthropic/claude-sonnet-4-6,5,8,「ま、あたしもラボメンにしてもらったとはいえ、所詮は部外者だしねぇ」 ,correct,3.413
anthropic/claude-sonnet-4-6,5,9,「ま、あたしもラボメンにしてもらったとはいえ、所詮は部外者だしねぇ」 ,correct,3.697
anthropic/claude-sonnet-4-6,5,10,「ま、あたしもラボメンにしてもらったとはいえ、所詮は部外者だしねぇ」 ,correct,3.521
